line,text_a,text_b,item_a,prosodel_a,lexel_a,grammel_a,item_b,prosodel_b,lexel_b,grammel_b,notes
1,sire he seis,and sonenday is nouwe,seis,nontrochaic,MED39209,vps13,nouwe,trochaic,MED29923,av,
2,¶ þenne alle lauhwhen an heiȝ,þat herden his wordes,heiȝ,nontrochaic,MED20246,ajn<pr,wordes,trochaic,MED53418,nplOd,
3,Hit is two and fourti winter þei seiȝen,trewely forsoþe,seiȝen,trochaic,MED39209,vps23,forsoþe,trochaic,MED17159,av,
4,Siþen þou souȝtest þis put,and to prison eodest,put,nontrochaic,MED33518,nOd,eodest,trochaic,MED53786,vpt12,
5,Now I þonke my lord seide Ioseph,þat lente me of his grace,Ioseph,nonschwa,Wikidata_Q271474,n,grace,trochaic,MED19175,n<pr,
6,me þinkeþ but þreo niȝt,al þis ilke þrowe,niȝt,trochaic,MED29498,npl,þrowe,trochaic,MED45565,n,
7,¶ þenne Ioseph askes fontston,& is I-folwed blyue,fontston,nonschwa,MED16642,nOd,blyue,trochaic,MED5257,av,
8,þei folewen him and his wyf,& with him ful monye,wyf,nontrochaic,MED52688,nOd,monye,short_i,MED26757,ajnplOd,
9,¶ Siþen com vaspasians,and was furst sped,vaspasians,nontrochaic,Wikidata_Q1419,n,sped,trochaic,MED42062,vpp,
10,In þe nome of þe fader,Ioseph him folewede,fader,trochaic,MED15113,n<pr,folewede,trochaic,MED17944,vpt13,
11,And hedde I-turned to þe feyþ,fifti with him-seluen,feyþ,trochaic,MED15481,n<pr,seluen,trochaic,MED20373,P13<prXM,
12,¶ Siþen he fette his fader with a ferde,and a-ȝeyn fondet,ferde,trochaic,MED15633,n<pr,fondet,trochaic,MED17456,vpt13,
13,þer þei bosked hem out,þat hudden hem in huirenes,out,nontrochaic,MED31168,av,huirenes,trochaic,MED20872,npl<pr,
14,Made hem to huppe,half an hundret foote,huppe,trochaic,MED20850,vi,foote,trochaic,MED17401,nplOi,disyl as measure
15,forte seche boþem,þer þei non seiȝen,boþem,trochaic,MED5647,nOd,seiȝen,trochaic,MED39393,vSpt23,
16,¶ þus þei ladden þe lyf,and lengede longe,lyf,nontrochaic,MED25454,nOd,longe,trochaic,MED26029,av,
17,þat luyte liked his leyk,þer as he lengede,leyk,nontrochaic,MED25050,nOd,lengede,trochaic,MED25116,vpt13,
18,¶ Feole flowen for fert,out of heore cuþþhe,fert,trochaic,MED15632,n<pr,cuþþhe,trochaic,MED24371,n<pr,
19,in-to Augrippus lond,was heroudes eir,lond,dative_e,MED25988,n<pr,eir,trochaic,MED20280,n,
20,þere monye lenginde weore,for-let of heore oune,weore,trochaic,MED4048,vpt23,oune,trochaic,MED31050,ajnpl<pr,
21,ÞEn com a vois to Ioseph,and seide him þise wordes,Ioseph,nonschwa,Wikidata_Q271474,n<pr,wordes,trochaic,MED53418,nplOd,
22,Biddes him and his wyf,and his sone eke,wyf,nontrochaic,MED52688,nOd,eke,trochaic,MED13182,av,
23,And alle þat þey mouȝten gete,and to god tornen,gete,trochaic,MED18489,vi,tornen,trochaic,MED47404,vi,
24,¶ Gon out of Ierusalem,& prechen hise wordes,Ierusalem,nontrochaic,Wikidata_Q1218,n<pr,wordes,trochaic,MED53418,nplOd,
25,And neuer more come a-ȝeyn,whon þei weore enes þenne,aȝeyn,nontrochaic,MED3328,av,þenne,trochaic,MED45123,av,
26,¶ In þe morwe he was sone boun,don as he biddes,boun,nontrochaic,MED5713,aj,biddes,trochaic,MED4381,vps13,
27,Ioseph and his cumpanye,keueren on swiþe,cumpanye,trochaic,MED8655,n,swiþe,trochaic,MED44277,av,
28,¶ Ioseph ferde bi-foren,and þe flote folewede,biforen,trochaic,MED4432,av,folewede,trochaic,MED16601,vpt13,
29,in-to þe lond of betanye,þis buirnes nou wenden,betanye,trochaic,Wikidata_Q831190,n<pr,wenden,trochaic,MED52201,vps23,
30,¶ þei carke for here herbarwe,summe be-hynde,herbarwe,trochaic,MED20464,n<pr,be-hynde,trochaic,MED4517,av,
31,whon Ioseph herde þer-of,he bad hem not demayȝen,þerof,nontrochaic,MED45182,av,demayȝen,trochaic,MED11971,vi,
32,He þat ledes vs þis wei,vre herborwe schal wisse,wei,nontrochaic,MED52010,nOi,wisse,trochaic,MED52972,vi,
33,þei founden hit newely,so wel weore þei neuere,newely,nontrochaic,MED29426,av,neuere,trochaic,MED29438,av,
34,¶ A-morwe þei weore diȝt,and don hem to ȝonge,diȝt,nontrochaic,MED11613,vpp,ȝonge,trochaic,MED18162,vi-m,
35,And come to a Forest,with floures ful feire,Forest,nonschwa,MED16875,n<pr,feire,trochaic,MED15158,ajpl<pr,
36,þat was called Argos,þat þe kyng ouȝte,Argos,nonschwa,NO_AUTH_argos,n,ouȝte,trochaic,MED31051,vpt13,
37,in þe lond of damas,þe cuntre was dere,damas,nonschwa,MED10518,n<pr,dere,trochaic,MED11195,aj,
38,ÞEnne spekes a vois to Ioseph,was Ihesu crist him|selue,Ioseph,nonschwa,Wikidata_Q271474,n<pr,selue,trochaic,MED20373,P13XM,
39,Iosep[h] marke on þe treo,and make a luytel whucche,treo,nontrochaic,MED46870,n<pr,whucche,trochaic,MED52535,nOd,
40,Forte do in þat ilke blod,þou berest a-boute,blod,nontrochaic,MED5268,nOd,a-boute,trochaic,MED160,av,
41,¶ whon þe lust speke with me,lift þe lide sone,me,nontrochaic,MED27132,P11<pr,sone,trochaic,MED41559,av,
42,þou schalt fynde me redi,riȝt bi þi syde,redi,short_i,MED36325,ajOd,syde,trochaic,MED40199,n<pr,
43,And bote þou and þi sone,me no mon touche,sone,trochaic,MED41557,n<pr,touche,trochaic,MED46559,vsjps13,
44,And Iosep[h] walk in þe world,& preche myne wordes,world,trochaic,MED53430,n<pr,wordes,trochaic,MED53418,nplOd,
45,to þe proudest men,A parti schul þei here,men,nontrochaic,MED26710,npl<pr,here,trochaic,MED20505,vi,
46,¶ þauȝ þei þe of manas,melen and þe þreten,manas,trochaic,MED26713,n<pr,þreten,trochaic,MED45478,vps23,
47,beo þou no þing a-dred,for non schal þe derue,adred,nontrochaic,MED556,vpp,derue,trochaic,MED11217,vi,
48,¶ lord I was neuer clerk,what and I ne cunne,clerk,nontrochaic,MED7991,n,cunne,trochaic,MED9326,vsjps11,
49,Louse þi lippes a-twynne,& let þe gost worche,atwynne,trochaic,MED2963,av,worche,trochaic,MED52280,vi,
50,Speche grace & vois,schul springe of þi tonge,vois,nontrochaic,MED51346,n,tonge,trochaic,MED46289,n<pr,
51,& alle turne to þi mouþ,holliche atenes,mouþ,dative_e,MED28827,n<pr,atenes,trochaic,MED2832,av,
52,¶ þenne he wawes his fot,þe blod he with him fonges,fot,nontrochaic,MED17401,nOd,fonges,trochaic,MED16624,vps13,
53,and in þe nome of þe fader,forþward he weendes,fader,trochaic,MED15113,n<pr,weendes,trochaic,MED52201,vps13,
54,Þei ferden to A Cite,faste bi-syde,Cite,nonschwa,MED7804,n<pr,bi-syde,trochaic,MED4824,av,
55,þat was called sarras,þer sarsyns sprongen,sarras,nonschwa,Wikidata_Q1853612,n,sprongen,trochaic,MED42428,vSpt23,
56,Erest þorw Abrahames wyf,þat wonede þer-inne,wyf,nontrochaic,MED52688,n<pr,þerinne,trochaic,MED45172,av,
57,Ioseph teiȝ to non hous,bote euene to þe temple,hous,nontrochaic,MED21360,n<pr,temple,trochaic,MED44732,n<pr,
58,He seiȝ þe kyng þer he sat,and wuste þat he was wraþþed,sat,nontrochaic,MED40572,vSpt13,wraþþed,trochaic,MED53563,vpp-aj,
59,& hopede he scholde him,touward God turne,him,nontrochaic,MED20803,P23Od,torne,trochaic,MED47404,vi,
60,For he and þo of Egipte,han werret to-gedere,Egipte,trochaic,Wikidata_Q79,n<pr,to-gedere,trochaic,MED46169,av,
61,And þei discounfitede him han,and scaþet ful ofte,han,nontrochaic,MED20173,vps23,ofte,trochaic,MED30410,av,
62,¶ þe kyng and his Baronage,a counseil bi-gonnen,Baronage,trochaic,MED3690,n,bi-gonnen,trochaic,MED4470,vSpt23,
63,he wolde haue red of his folk,and fare to hem ȝitte,folk,nontrochaic,MED16580,n<pr,ȝitte,trochaic,MED53930,av,
64,& þei forsaken hit han,& he vnsauht sittes,han,nontrochaic,MED20173,vps23,sittes,trochaic,MED40572,vps13,
65,SIre seis Iosep[h],or semblaunt is feble,Iosep,nonschwa,Wikidata_Q271474,n,feble,trochaic,MED15405,aj,
66,In gret Anguisse ȝe ben,þat nis not God greiþe,ben,nontrochaic,MED4048,vps22,greiþe,trochaic,MED19346,n,
67,wolde ȝe herkene to me,icholde ow bi-heete,me,nontrochaic,MED27132,P11<pr,bi-heete,trochaic,MED4533,vi,
68,He þat is mi foundeor,may hit folfulle,foundeor,nonschwa,MED17467,n,folfulle,trochaic,MED17897,vi,Scase transcription error
69,þat was ded on þe cros,& bouȝte us so deore,cros,dative_e,MED10442,n<pr,deore,trochaic,MED11197,av,
70,I am not worþi to seyn,moni of his werkes,seyn,nontrochaic,MED39393,vi-m,werkes,trochaic,MED52278,npl<pr,
71,¶ þou schewest A symple skil quaþ þe kyng,of|scutered þou semest,kyng,nontrochaic,MED24299,n,semest,trochaic,MED39359,vps12,
72,to speke of A ded mon,what may he don þer-ate,mon,nontrochaic,MED26710,n<pr,þerate,nontrochaic,MED45151,av,
73,¶ I schal sei ou quod Ioseph,& ȝe wol vndurstonde,Ioseph,nonschwa,Wikidata_Q271474,n,vndurstonde,trochaic,MED48362,vi,
74,tel on seis þe kyng,þi tale wol I here,kyng,nontrochaic,MED24299,n,here,trochaic,MED20505,vi,
75,ÞAt tyme þat Augustus Cesar,was Emperour of Rome,Cesar,nonschwa,MED7154,n,Rome,trochaic,MED37821,n<pr,
76,þis reson bi-gon,þat I schal now rikenen,bi-gon,nontrochaic,MED4470,vSpt13,rikenen,trochaic,MED36605,vi,
77,¶ whon god sende an Angel,in-to Galile,Angel,nonschwa,MED3046,nOd,Galile,nontrochaic,Wikidata_Q83241,n<pr,
78,to A Cite bi nome,Nazareth I-called,nome,trochaic,MED29051,n<pr,I-called,trochaic,MED6554,vpp-aj,
79,to A Maiden ful meke,þat Marie was hoten,meke,nontrochaic,MED27222,aj<pr,hoten,trochaic,MED21307,vSpp,
80,And seide Blessed beo þou flour,feirest of alle,flour,nontrochaic,MED16421,n-voc,alle,trochaic,MED985,ajnpl<pr,
81,þe holigost with-Inne þe,schal lenden and lihte,þe,nontrochaic,MED45072,P12<pr,lihte,trochaic,MED25504,vi,
82,þou schalt beren a Child,schal Ihesu bi hoten,Child,nontrochaic,MED7559,nOd,hoten,trochaic,MED21307,vSpp,
83,he chaungede cher & seide,hou scholde I gon with childe,seide,trochaic,MED39209,vpt13,childe,trochaic,MED7559,n<pr,
84,with-oute felauschupe of mon,he bad hire not demayen,mon,nontrochaic,MED26710,n<pr,demayen,trochaic,MED11971,vi,
85,¶ þou schalt be mayden for him,bi-foren and after,him,nontrochaic,MED20803,P13M<pr,after,trochaic,MED801,av,
86,Holliche with-outen wem,wite þou forsoþe,wem,dative_e,MED52187,n<pr,forsoþe,trochaic,MED17159,av,
87,And heo grauntede þenne,to ben at his grace,þenne,trochaic,MED45038,av,grace,trochaic,MED19175,n<pr,
88,And sone aftur þat gretnede,þat greiþli Mayde,gretnede,trochaic,MED19425,vpt13,Mayde,trochaic,MED26501,n,
89,Whon he wolde ben I-boren,at a Blisful tyme,I-boren,trochaic,MED4156,vSpp,tyme,trochaic,MED45871,n<pr,
90,he dude Miracles feole,þat mony men seiȝen,feole,trochaic,MED15514,ajplOd,seiȝen,trochaic,MED39393,vSpt23,
91,þre kynges of þe Est,þroly þei comen,Est,nontrochaic,MED14514,n<pr,comen,trochaic,MED8522,vSpt23,
92,And vche put him in hond,[a] present ful riche,hond,dative_e,MED21102,n<pr,riche,trochaic,MED37439,ajOd,
93,¶ Soone Heroudes þe kyng,herde of his burþe,kyng,nontrochaic,MED24299,n,burþe,trochaic,MED4759,n<pr,
94,He lette sle for his sake,selli mony children,sake,trochaic,MED38288,n<pr,children,trochaic,MED7559,nplOd,
95,Foure þousend and seue score,was þe summe holden,score,trochaic,MED38952,nOd,holden,trochaic,MED20995,vSpp,
96,þat weore I-slawe for his sake,for certeyn hit telles,sake,trochaic,MED38288,n<pr,telles,trochaic,MED44693,vps13,
97,Bote þorwȝ þe grace of him-self,gete him heo ne miȝt,himself,nontrochaic,MED20808,P13XM<pr,miȝt,trochaic,MED28782,vpt13,
98,His Mooder ay with him fleih,forþ in-to Egipte,fleih,nontrochaic,MED16271,vSpt13,Egipte,trochaic,Wikidata_Q79,n<pr,
99,¶ Whon he com in-to þe lond,leeue þou forsoþe,lond,dative_e,MED25988,n<pr,forsoþe,trochaic,MED17159,av,
100,feole temples þer-inne,tulten to þe eorþe,þerinne,trochaic,MED45172,av,eorþe,trochaic,MED14387,n<pr,
101,for heore false ymages,þat þei on leeueden,ymages,trochaic,MED22009,npl<pr,leeueden,trochaic,MED25342,vpt23,
102,Do a-wei þi Maumetes,þei han trayed þe ofte,Maumetes,trochaic,MED27106,nplOd,ofte,trochaic,MED30410,av,
103,Let breken hem a-two,and bren hem al to pouder,a-two,nontrochaic,MED2969,av,pouder,trochaic,MED34203,n<pr,
104,Schaltou neuer gete grace,þorwȝ none suche goddes,grace,trochaic,MED19175,nOd,goddes,trochaic,MED18945,npl<pr,
105,¶ þenne seis þe kyng,my wit mai not leeue,kyng,nontrochaic,MED24299,n,leeue,trochaic,MED25342,vi,
106,þat þou ne melest wonderli,& most a-ȝeyn kuynde,wondersli,nontrochaic,MED53383,av,kuynde,trochaic,MED24248,n<pr,
107,Hou scholde a child come forþ,with-oute flescly dedes,forþ,nontrochaic,MED17204,av,dedes,trochaic,MED10751,npl<pr,
108,Bi-twene wommon and Mon,my wit may not leeue,Mon,nontrochaic,MED26710,n<pr,leeue,trochaic,MED25342,vi,
109,SIre seide Ioseph,þou hiȝtest me to heere,Ioseph,nonschwa,Wikidata_Q271474,n,heere,trochaic,MED20505,vi-m,
110,And I schal preue þe tale,þat I fore telle,tale,trochaic,MED44431,nOd,fore-telle,trochaic,MED16889,vps11,
111,¶ whon god sat in his blisse,bosked in heuene,blisse,trochaic,MED5236,n<pr,heuene,trochaic,MED20700,n<pr,
112,He seiȝ þe peple þorw peine,passen in-to helle,peine,trochaic,MED32728,n<pr,helle,trochaic,MED20323,n<pr,
113,also wel þe holyeste,heold þider euene,holyeste,trochaic,MED21022,ajn-sup,euene,trochaic,MED14690,av,
114,as þe moste fooles,and þe fader þouȝte,fooles,trochaic,MED16528,npl,þouȝte,trochaic,MED45310,vpt13,
115,þat hit seemede nouȝt,and wolde his sone sende,nouȝt,nontrochaic,MED29935,av,sende,trochaic,MED39404,vi,
116,forte bringe hem out þer-of,and þerfore he lihte,þerof,nontrochaic,MED45182,av,lihte,trochaic,MED25504,vpt13,
117,What mon quaþ þe kyng,þou castest þi|seluen,kyng,nontrochaic,MED24299,n,seluen,trochaic,MED20373,P12XOd,
118,Toldest þou not now bi-foren,he nedde neuer fader,bi-foren,trochaic,MED4432,av,fader,trochaic,MED15113,nOd,
119,but elles with-oute mon,I-bore of a Mayden,mon,nontrochaic,MED26710,n<pr,Mayden,trochaic,MED26501,n<pr,
120,And þou seist now he has on,hou may þis sitte same,on,nontrochaic,MED30547,qcOd,same,trochaic,MED38399,av,
121,¶ He was Fader quod Ioseph,and for his sake called,Ioseph,nonschwa,Wikidata_Q271474,n,called,trochaic,MED6554,vpp-aj,
122,þat was gostliche his halt,ar he weore mon formed,halt,nontrochaic,MED20995,vSpp,formed,trochaic,MED17051,vpp,
123,And of two persones,sprong out þe þridde,persones,trochaic,MED33110,npl<pr,þridde,trochaic,MED45496,qoajn,
124,þat was þe holigost,as I be-foren seide,holigost,nontrochaic,MED21027,n,seide,trochaic,MED39209,vpt11,
125,His godhede lees he nouȝt,þeiȝ he come lowe,nouȝt,nontrochaic,MED29935,av,lowe,trochaic,MED26186,av,
126,þat he nas god ay forþ,in his grete strengþe,forþ,nontrochaic,MED17204,av,strengþe,trochaic,MED43299,n<pr,
127,¶ I sei þe Fader was God,ar out was bi-gonnen,God,nontrochaic,MED18945,n,bi-gonnen,trochaic,MED4470,vSpp,
128,Made alle þing of nouȝt,þorw miht of him one,nouȝt,nontrochaic,MED29932,n<pr,one,trochaic,MED30549,av,
129,Dude þe prophetes to seye,þat hem-self nuste,seye,trochaic,MED39209,vi-m,nuste,trochaic,MED52987,vpt23,
130,Bote as hit com heom to mouþ,and meleden þe wordes,mouþ,dative_e,MED28827,n<pr,wordes,trochaic,MED53418,nplOd,
131,þe kuynde of þe Moder,þat he on eorþe tok,Moder,trochaic,MED28411,n<pr,tok,nontrochaic,MED44420,vSpt13,
132,þat diȝede a-wei,for he hit most dredde,a-wei,nontrochaic,MED3252,av,dredde,trochaic,MED12558,vpt13,
133,Bote þe kuynde of his Fader,þat was þe furste kuynde,Fader,trochaic,MED15113,n<pr,kuynde,trochaic,MED24248,n,
134,Holliche euere he heold,for þat diȝede neuere,heold,nontrochaic,MED20995,vSpt13,neuere,trochaic,MED29438,av,
135,Bote he was gostliche of Fader,and fleschliche of Moder,Fader,trochaic,MED15113,n<pr,Moder,trochaic,MED28411,n<pr,
136,So þat he com twies forþ,and bi two kuyndes,forþ,nontrochaic,MED17204,av,kuyndes,trochaic,MED24248,npl<pr,
137,ÞEnne seis þe kyng,þe lengore I here,kyng,nontrochaic,MED24299,n,here,trochaic,MED20505,vps11,
138,þe lesse reson I seo,in þat þat þou rikenest,seo,nontrochaic,MED39393,vps11,rikenest,trochaic,MED36605,vps12,
139,¶ þou toldest furst of his Fader,and of his furste kuynde,Fader,trochaic,MED15113,n<pr,kuynde,trochaic,MED24248,n<pr,
140,And þreo persones,and alle þei ben goddes,persones,trochaic,MED33110,npl<pr,goddes,trochaic,MED18945,npl,
141,¶ Ȝe sire bote I pertly vndo,þat I haue þe profred,vndo,nontrochaic,MED48470,vps11,profred,trochaic,MED34832,vpp,
142,I am worþi muche blame,what mai I seiȝe more,blame,trochaic,MED5078,nOi,more,trochaic,MED28626,ajOd-cpv,
143,¶ þe sone I tolde bi-fore,fongede vr kuynde,bi-fore,trochaic,MED4432,av,kuynde,trochaic,MED24248,nOd,
144,tok flesch and blod,in a feir mayden,blod,nontrochaic,MED5268,nOd,mayden,trochaic,MED26501,n<pr,
145,his Godhede luttulde not,þeiȝ he lowe lihte,not,nontrochaic,MED29867,av,lihte,trochaic,MED25504,vpt13,
146,þat he nas euere of o miȝt,mensked he worþe,miȝt,trochaic,MED27708,n<pr,worþe,trochaic,MED53475,vsjps13,
147,¶ þe kyng fette forþ,feole of his clerkes,forþ,nontrochaic,MED17204,av,clerkes,trochaic,MED7991,npl<pr,
148,to spute with Ioseph,þat spedes hem luite,Ioseph,nonschwa,Wikidata_Q271474,n<pr,luite,trochaic,MED25780,av,
149,Ioseph tok þe holy writ,and tei for his teeme,holy writ,nontrochaic,MED21044,nOd,teeme,trochaic,MED44699,n<pr,
150,and destruyede heore tale,with-inne þreo wordes,tale,trochaic,MED44431,nOd,wordes,trochaic,MED53418,npl<pr,
151,¶ þe ky[n]g bi-heold on his face,and on his limes lowore,face,trochaic,MED15088,n<pr,lowore,trochaic,MED26186,av-cpv,
152,Sayȝ he was barefot,and bar him in herte,barefot,nonschwa,MED3662,aj,herte,trochaic,MED20604,n<pr,
153,He* hedde I-ben of heiȝ blod,hedde he ben I-bosket,blod,nontrochaic,MED5268,n<pr,I-bosket,trochaic,MED6383,vpp,
154,And a ferli feir mon,and witerli him rewes,mon,nontrochaic,MED26710,n,rewes,trochaic,MED37273,vps13,
155,¶ what hettestou seis þe kyng,to Iosep[h] þenne,kyng,nontrochaic,MED24299,n,þenne,trochaic,MED45038,av,
156,Ioseph of Aramathie,is mi nome called,Aramathie,trochaic,Wikikata_Q2558868,n,called,trochaic,MED6554,vpp,
157,I schal sei þe Ioseph,as my wit þinkes,Ioseph,nonschwa,Wikidata_Q271474,n-voc,þinkes,trochaic,MED45310,vps13,
158,þow semest not ful good clerk,to kenne suche wordes,clerk,nontrochaic,MED7991,n,wordes,trochaic,MED53418,nplOd,
159,þe tale is heiȝ in him-self,þat þou of tellest,self,nontrochaic,MED20373,P13XM<pr,tellest,trochaic,MED44693,vps12,
160,Hit is ful þester to me,& moni a mon eke,me,nontrochaic,MED27132,P11<pr,eke,trochaic,MED13182,av,
161,¶ I schal seie þe Ioseph,I haue to done swiþe,Ioseph,nonschwa,Wikidata_Q271474,n-voc,swiþe,trochaic,MED44277,av,
162,I may not wel lenge now,to-morwe meet me heere,now,nontrochaic,MED29923,av,heere,trochaic,MED20434,av,
163,þow schalt haue liueraunce of In,and al þat þe neodes,In,trochaic,MED22277,n<pr,neodes,trochaic,MED29199,vps13,
164,whon vre leyser is more,vre lustnynge is bettre,more,trochaic,MED28626,aj-cpv,bettre,trochaic,MED4287,aj-cpv,
165,¶ I haue felauschupe wiþ-outen seis Ioseph,wel a|boute fifti,Ioseph,nonschwa,Wikidata_Q271474,n,fifti,short_i,MED15900,qcOd,
166,Boþe wymmen and men,þat mote wiþ me Inne,men,nontrochaic,MED26710,nplOd,Inne,trochaic,MED22823,vi,
167,¶ þe kyng lette fette hem forþ,bi-foren him to seo,forþ,nontrochaic,MED17204,av,seo,trochaic,MED39393,vi-m,
168,what leodes þei beon,and where þei weore boren,beon,nontrochaic,MED4048,vps23,boren,trochaic,MED4156,vSpp,
169,I trouwe þat beo þi sone,bi Iosaphe he seide,sone,trochaic,MED41557,n,seide,trochaic,MED39209,vpt13,
170,¶ Ȝe sire so he is,for soþe as I þe telle,is,nontrochaic,MED4048,vps13,telle,trochaic,MED44693,vps11,
171,Con he out of clergye,seis þe kyng þenne,clergye,trochaic,MED7987,n<pr,þenne,trochaic,MED45038,av,
172,leeue me forsoþe sire,þer liues no bettre,sire,trochaic,MED40511,n-voc,bettre,trochaic,MED4287,ajn-cpv,
173,¶ þe kyng lette lede hem,in-to toun lowe,hem,nontrochaic,MED20353,P23Od,lowe,trochaic,MED26186,av,
174,to a feir old court,and Innes hem þere,court,nontrochaic,MED10055,n<pr,þere,trochaic,MED45141,av,
175,Now we leuen Ioseph,and of þe kyng carpen,Ioseph,nonschwa,Wikidata_Q271474,nOd,carpen,trochaic,MED6853,vps21,
176,As he lai at niht,keuered in bedde,niht,dative_e,MED29498,n<pr,bedde,dative_e,MED3861,n<pr,
177,In þreo þouȝtes he was,and þat weore þis ilke,was,nontrochaic,MED4048,vpt13,ilke,trochaic,MED21962,pnpl,
178,¶ On for his grete folk,þat him wiþ-saken hedde,folk,nontrochaic,MED16580,n<pr,hedde,trochaic,MED20173,vpt13,
179,¶ A-noþur for Iosep[h]s tale,þat wolde fayn he tornede,tale,trochaic,MED44431,n<pr,tornede,trochaic,MED47404,vpt13,
180,¶ þe þridde How God scholde wiþ-outen wem,wonen in a Mayden,wem,dative_e,MED52187,n<pr,Mayden,trochaic,MED26501,n<pr,
181,¶ Þenne he seih in his chaumbre-flor,þreo* souht vp at enes,flor,dative_e,MED16387,n<pr,at enes,trochaic,MED2832,av,
182,þe braunches on heiȝ weoren,alle of o lengþe,weoren,trochaic,MED4048,vpt23,lengþe,trochaic,MED25124,n<pr,
183,Bote þe bark of þat on,semede dimmore,on,nontrochaic,MED30546,pn<pr,dimmore,trochaic,MED11669,aj-cpv,
184,þen ouþer of þe oþer two,trouwe þou forsoþe,two,nontrochaic,MED47539,qc<pr,forsoþe,trochaic,MED17159,av,
185,¶ þat signede Ihesu crist,for sake* of vre kuynde,crist,nontrochaic,MED10361,nOd,kuynde,trochaic,MED24248,n<pr,
186,was nout out-wiþ so cler,bote wiþ-inne he was clene,cler,nontrochaic,MED7975,aj,clene,trochaic,MED7950,aj,
187,¶ He calles on his chaumberleyn,to kennen vncouþes,chaumberleyn,nontrochaic,MED7343,n<pr,vncouþes,trochaic,MED48094,ajnplOd,
188,And he rises a-non,and for ferd falles,anon,nontrochaic,MED1714,av,falles,trochaic,MED15195,vps13,
189,And he feres* him vp,and bad him not ben ferd,vp,nontrochaic,MED50323,av,ferd,trochaic,MED15658,vpp-aj,
190,þer schal falle non euel,of þat is here formed,euel,trochaic,MED23619,n,formed,trochaic,MED17051,vpp,
191,¶ þei lihten two torches,and to þis treos wenten,torches,trochaic,MED46345,nplOd,wenten,trochaic,MED52201,vpt23,
192,þei weore semeli bi-neoþe,þei mihte not seo þe heiȝþe,bi-neoþe,trochaic,MED4674,av,heiȝþe,trochaic,MED20253,nOd,
193,sprongen wiþ gret sped,of a good spice,sped,trochaic,MED42055,n<pr,spice,trochaic,MED42182,n<pr,
194,On vche braunche was a word,of þreo maner enkes,word,nontrochaic,MED53418,n,enkes,trochaic,MED22773,npl<pr,
195,Gold and Seluer he seis,and Asur forsoþe,seis,nontrochaic,MED39393,vps13,forsoþe,trochaic,MED17159,av,sole instance of this spelling for SEE
196,¶ þis makeþ quod þe wiht,þe marke of gold,wiht,nontrochaic,MED52699,n,gold,dative_e,MED19031,n<pr,
197,¶ And þis saues quaþ þat wiht,þe seyne of seluer,wiht,nontrochaic,MED52699,n,seluer,trochaic,MED40351,n<pr,
198,And þis clanses,as þe Asur kennes,clanses,trochaic,MED7964,vps13,kennes,trochaic,MED24161,vps13,
199,¶ þe kyng nuste wel forte seye,bi wit þat he hedde,seye,trochaic,MED39209,vi-m,hedde,trochaic,MED20173,vpt13,
200,wheþer þat he seȝe,was on forte sigge,seȝe,trochaic,MED39393,vsjpt13,sigge,trochaic,MED39209,vi-m,
201,oþer two or þreo,or what he miȝte telle,þreo,nontrochaic,MED45441,qc,telle,trochaic,MED44693,vi,
202,¶ þe kyng was a-bascht,and to his bed buskes,a-bascht,trochaic,MED22,vpp,buskes,trochaic,MED6383,vps13,
203,and his Chaumberleyn so a-ferd,þat neih he felde I|swowen,a-ferd,trochaic,MED665,vpp-aj,I-Swowen,trochaic,MED44321,vSpp-aj,
204,¶ þenne he seiȝ a newe chaumbre-wouh,wrouȝt al of bordes,wouh,nontrochaic,MED53512,nOd,bordes,trochaic,MED5533,npl<pr,
205,a dore honginge þer-on,haspet ful faste,þeron,nontrochaic,MED45183,av,faste,trochaic,MED15314,av,
206,A child cominge þorw,his come was nout seene,þorw,nontrochaic,MED45600,av,seene,trochaic,MED23443,aj,
207,Siþen lenges a while,and a-ȝein lendes,while,trochaic,MED52555,nOi,lendes,trochaic,MED25102,vps13,
208,wiþ-outen faute oþer faus,as þei fore seiden,faus,nontrochaic,MED15200,n<pr,seiden,trochaic,MED39209,vpt23,Lawton emends b-verse
209,¶ þenne spekes a vois,and on heiȝ sigges,vois,nontrochaic,MED51346,n,sigges,trochaic,MED39209,vps13,
210,king haue þou no ferli,of þat is heere formed,ferli,nonschwa,MED15692,nOd,formed,trochaic,MED17051,vpp,
211,for so god with-outen wem,wende in a Mayden,wem,dative_e,MED52187,n<pr,Mayden,trochaic,MED26501,n<pr,
212,Now we leuen þe kyng,and of Ioseph carpen,kyng,nontrochaic,MED24299,nOd,carpen,trochaic,MED6853,vps21,
213,A lord quaþ Ioseph,how may þis limpe,Ioseph,nonschwa,Wikidata_Q271474,n,limpe,trochaic,MED25633,vi,
214,Of þis king Eualak,þat con not vnderstonde,Eualak,nontrochaic,NO_AUTH_euelak,n<pr,vnderstonde,trochaic,MED48362,vi,
215,Bote ȝif I turne him bi þis poynt,ar he henne passe,poynt,trochaic,MED33862,n<pr,passe,trochaic,MED32556,vsjps13,
216,beos he neuermore I-tornd,treweli I trouwe,I-tornd,trochaic,MED47404,vpp,trouwe,trochaic,MED47239,vps11,
217,Nou I be-seche þe Ihesu,as þou art ful of Ioye,Ihesu,nonschwa,MED23845,n-voc,Ioye,trochaic,MED23878,n<pr,
218,þat speke to hem of Israel,þorw Moyses speche,Israel,nontrochaic,MED23501,n<pr,speche,trochaic,MED42028,n<pr,
219,And bad þei schulde leeuen,for no-skunus þinge,leeuen,trochaic,MED25342,vi,þinge,dative_e,MED45301,n<pr,
220,In non oþur straunge god,bote studefast þe holde,god,trochaic,MED18945,n<pr,holde,trochaic,MED20995,vi,
221,And wustest daniel in þe put,þat he was inne I-worpe,put,dative_e,MED33518,n<pr,I-worpe,trochaic,MED52306,vSpp,
222,Among þe leones feole,þat he no scaþe lauȝte,feole,trochaic,MED15514,ajpl<pr,lauȝte,trochaic,MED24520,vpt23,
223,And for-ȝaf þe Maudeleyn,mekelyche hire sunnes,Maudeleyn,nontrochaic,MED27095,nOd,sunnes,trochaic,MED40479,nplOi,
224,And siþen seidest to me,mi preyere scholde sitte,me,nontrochaic,MED27132,P11<pr,sitte,trochaic,MED40572,vi,
225,þou heiȝtest holichurche,to haunsen hire strengþe,holichurche,trochaic,MED7624,nOi,strengþe,trochaic,MED43299,nOd,
226,to hiȝen þi godhed,hit helpes nout elles,godhed,nonschwa,MED18979,nOd,elles,trochaic,MED13290,av,
227,Nou gloriouse kyng,graunte me mi boone,kyng,nontrochaic,MED24299,n-voc,boone,trochaic,MED5478,nOd,
228,Þenne spekes a vois,and on heiȝ sigges,vois,nontrochaic,MED51346,n,sigges,trochaic,MED39209,vps13,
229,Ioseph haue þou no care,þe kyng schal sone torne,care,trochaic,MED6789,nOd,torne,trochaic,MED47404,vi,
230,Go þou most to þi wyf,gete þou most nede,wyf,nontrochaic,MED52688,n<pr,nede,trochaic,MED29186,av,
231,A child Galaad schal be hoten,þat goodnesse schal reise,hoten,trochaic,MED21307,vSpp,reise,trochaic,MED36573,vi,
232,þe Auenturus of Brutayne,to haunsen and to holden,Brutayne,trochaic,Wikidata_Q3240725,n<pr,holden,trochaic,MED20995,vi,
233,And he dos as he bad,and to his bed buskes,bad,nontrochaic,MED4381,vSpt13,buskes,trochaic,MED6383,vps13,
234,¶ In þe morwe he was vppe,and roises þis oþure,vppe,trochaic,MED50323,av,oþure,trochaic,MED31010,pn-defOd,
235,þenne hit þester bi-gon,and þonderde swiþe,bi-gon,nontrochaic,MED4470,vSpt13,swiþe,trochaic,MED44277,av,
236,þat þe graue quakede,and þei a-grisen alle,quakede,trochaic,MED35409,vpt13,alle,trochaic,MED985,ajpl,
237,¶ He bi-þenkes him þo,and to his whucche weendes,þo,nontrochaic,MED45360,av,weendes,trochaic,MED52201,vps13,
238,And feole preiers he made,þat Ihesu crist herde,made,trochaic,MED26584,vpt13,herde,trochaic,MED20505,vpt13,
239,And spekes to hem,wiþ loueliche wordes,hem,nontrochaic,MED20353,P23<pr,wordes,trochaic,MED53418,npl<pr,
240,¶ I-blesset be ȝe to day,alle myne leoue children,today,nontrochaic,MED46102,av,children,trochaic,MED7559,npl-voc,
241,And he tolde hem of his crucifiing,hou he [þe] cros souȝte,crucifiing,nontrochaic,MED9041,vn<pr,souȝte,trochaic,MED39128,vpt13,
242,And of heore fadres bi-fore,þat he fond vn-kuynde,bi-fore,trochaic,MED4432,av,vnkuynde,trochaic,MED49020,ajplOd,
243,Er þei speeken to me feire,and faynede me wiþ wordes,feire,trochaic,MED15160,av,wordes,trochaic,MED53418,npl<pr,
244,Bote þei hateden me,and hedden de-deyn,me,nontrochaic,MED27132,P11Od,dedeyn,trochaic,MED11889,nOd,
245,Bote beo ȝe stable in oure fei,and foleweþ vre werkes,fei,dative_e,MED15481,n<pr,werkes,trochaic,MED52278,nplOd,
246,for ȝe han more of þe lawe,þen prophetes hedden,lawe,trochaic,MED24815,n<pr,hedden,trochaic,MED20173,vpt23,
247,¶ Þei nedden bote þe holygost,and so ȝe han eke,holy gost,nontrochaic,MED21027,nOd,eke,trochaic,MED13182,av,
248,and siþen bodiliche me,to ben at or wille,me,nontrochaic,MED27132,P11Od,wille,trochaic,MED52793,n<pr,
249,¶ I nul not fastenen on þe sone,þe Fadres gultus,sone,trochaic,MED41557,n<pr,gultus,trochaic,MED18577,nplOd,
250,I for-ȝiue ow clene,þe harm þat I hedde,clene,trochaic,MED7951,av,hedde,trochaic,MED20173,vpt11,
251,And cum þou hider Iosaphe,for þou art Iugget clene,Iosaphe,trochaic,Wikidata_Q6288522,n-voc,clene,trochaic,MED7950,aj,
252,And art digne þer-to,þat dos me to lyke,þer-to,nontrochaic,MED45196,av,lyke,trochaic,MED25553,vi-m,
253,Ichul bi-take þe to-day,in a good tyme,today,nontrochaic,MED46102,av,tyme,trochaic,MED45871,n<pr,
254,on þe hiȝeste þing,holden on eorþe,þing,nontrochaic,MED45301,nOd,eorþe,trochaic,MED14387,n<pr,
255,non oþer of me,hit murili to habben,me,nontrochaic,MED27132,P11<pr,habben,trochaic,MED20173,vi-m,
256,but elles vche mon of þe,þat takes hit aftur,þe,nontrochaic,MED45072,P12<pr,aftur,trochaic,MED801,av,
257,He bad him lifte vp,and þe lide warpes,vp,nontrochaic,MED50323,av,warpes,trochaic,MED52306,vps13,
258,Þenne he seos Ihesu crist,in a sad Roode,crist,nontrochaic,MED10361,nOd,Roode,trochaic,MED37732,n<pr,MED sense 2b
259,and his fyue Angeles,þat forþ wiþ him stoden,Angeles,trochaic,MED3046,nplOd,stoden,trochaic,MED43062,vSpt23,
260,As red as þe fuir,and he hem bi-holdes,fuir,nontrochaic,MED16036,n,bi-holdes,trochaic,MED4526,vps13,
261,¶ þat on beres in his hond,a cros of queynte hewe,hond,dative_e,MED21102,n<pr,hewe,dative_e,MED20681,n<pr,
262,¶ þat oþer beres in his hond,þreo blodi nayles,hond,dative_e,MED21102,n<pr,nayles,trochaic,MED29017,nplOd,
263,¶ þe þridde þe Coroune,þat his hed keuerde,Coroune,trochaic,MED9794,nOd,keuerde,trochaic,MED10112,vpt13,
264,¶ þe Feorþe þe launce,þat lemede him wiþ-Inne,launce,trochaic,MED24845,nOd,wiþ-Inne,trochaic,MED53079,av,
265,¶ And þe Fyfþe a blodi cloþ,þat he was inne i-braced,cloþ,nontrochaic,MED8138,nOd,i-braced,trochaic,MED5769,vpp,
266,whon he lay after slauht,in þe sepulcre,slauht,dative_e,MED40780,n<pr,sepulcre,trochaic,MED39477,n<pr,
267,¶ þenne he falles for fere,forþ wiþ þe wȝucche,fere,dative_e,MED15618,n<pr,wȝucche,trochaic,MED52535,n<pr,
268,Eft he bad him rise vp,he ros wiþ þe bone,vp,nontrochaic,MED50323,av,bone,trochaic,MED5478,n<pr,
269,¶ þenne he sauh Ihesu crist,I-strauȝt vppon þe Roode,crist,nontrochaic,MED10361,nOd,Roode,trochaic,MED37732,n<pr,
270,whuche þe Angel by-fore,hedde in his hond,by-fore,trochaic,MED4432,av,hond,dative_e,MED21102,n<pr,
271,And þe þreo nayles,þat þe oþur bi-foren hedde,nayles,trochaic,MED29017,nplOd,hedde,trochaic,MED20173,vpt13,
272,In his honden and his feet,alle þei weore faste,feet,nontrochaic,MED17401,npl<pr,faste,trochaic,MED15312,ajpl,
273,¶ Siþen stiken wiþ þe spere,blod and watur louses,spere,trochaic,MED42136,n<pr,louses,trochaic,MED26123,vps13,
274,Bi-holdes touward hise feet,say fro hem renne,feet,nontrochaic,MED17401,npl<pr,renne,trochaic,MED36797,vi,
275,eornen al of red blod,romynge a-boute,blod,nontrochaic,MED5268,n<pr,a-boute,trochaic,MED160,av,
276,Al priueliche his peyne,a-pertliche he sauh,peyne,trochaic,MED32728,nOd,sauh,nontrochaic,MED39393,vSpt13,
277,WHi lengest þou quod Iosep[h],to his sone so longe,Iosep,nonschwa,Wikidata_Q271474,n,longe,trochaic,MED26029,av,
278,And so stille liggest,lokynde in þe whucche,liggest,trochaic,MED25443,vps12,whucche,trochaic,MED52535,n<pr,
279,A Fader touche me not,in þis ilke tyme,not,nontrochaic,MED29867,av,tyme,trochaic,MED45871,n<pr,
280,For muche gostliche grace,me is here I-graunted,grace,trochaic,MED19175,nOd,graunted,trochaic,MED19274,vpp,
281,¶ þenne þei loken in atte wȝucche,loueliche boþe,wȝucche,trochaic,MED52535,n<pr,boþe,trochaic,MED5636,ajpl,
282,¶ þenne þei seȝen Ihesu crist,in þat ilke foorme,crist,nontrochaic,MED10361,nOd,foorme,trochaic,MED17042,n<pr,
283,þat heo seȝen him sodeynliche,whon heo furst comen,sodeynliche,trochaic,MED41315,av,comen,trochaic,MED8522,vSpt23,
284,aftur þe slauȝt to him,to þe sepulcre,him,nontrochaic,MED20803,P13M<pr,sepulcre,trochaic,MED39477,n<pr,
285,¶ þenne comen two Angeles,wiþ twayles white,Angeles,trochaic,MED3046,npl,white,trochaic,MED52610,ajpl<pr,
286,And eiþer bar in his hond,a basyn of seluer,hond,dative_e,MED21102,n<pr,seluer,trochaic,MED40351,n<pr,
287,Oþur Tweyne aftur hem,with cruetes sone,hem,nontrochaic,MED20353,P23<pr,sone,trochaic,MED41559,av,
288,and wasscheles wiþ haly water,with hem þei brouȝten,water,trochaic,MED51881,n<pr,brouȝten,trochaic,MED6058,vpt23,
289,And oþer two after hem,with sencers soone,hem,nontrochaic,MED20353,P23<pr,soone,trochaic,MED41559,av,
290,set wiþ riche stones,and a viole of sence,stones,trochaic,MED43058,npl<pr,sence,dative_e,MED7080,n<pr,
291,¶ þen com on þe strengþe of god,gabriel I-hoten,god,trochaic,MED18945,n<pr,I-hoten,trochaic,MED21307,vSpp-aj,
292,wiþ þe riccheste sege,þat euer for seete seemes,sege,dative_e,MED39202,n<pr,seemes,trochaic,MED39359,vps13,
293,And oþer two after him,wiþ crois and wiþ Mitre,him,nontrochaic,MED20803,P13M<pr,Mitre,trochaic,MED28377,n<pr,
294,And oþure bouwynde after,wiþ vestimens sone,after,trochaic,MED801,av,sone,trochaic,MED41559,av,
295,HE seiȝ an Auter I-cloþed,wiþ cloþes ful riche,I-cloþed,trochaic,MED8140,vpp-aj,riche,trochaic,MED37439,ajpl<pr,
296,Vppon þat on ende lay,þe launce and þe nayles,lay,nontrochaic,MED25443,vSpt23,nayles,trochaic,MED29017,npl,
297,And vppon þat oþer ende,þe disch wiþ þe blode,ende,trochaic,MED13649,n<pr,blode,dative_e,MED5268,n<pr,
298,and a vessel of gold,geynliche bi-twene,gold,dative_e,MED19031,n<pr,bi-twene,trochaic,MED4992,av,
299,¶ Ihesu made for to greiþe Iosaphe,in þat geyn weede,Iosaphe,trochaic,Wikidata_Q6288522,nOd,weede,trochaic,MED51971,n<pr,
300,And sacrede him to Bisschop,wiþ boto his hondes,Bisschop,nonschwa,MED4803,n<pr,hondes,trochaic,MED21102,npl<pr,
301,And tolde him of his vestimens,what þei signefyen,vestimens,nontrochaic,MED51067,npl<pr,signefyen,trochaic,MED40276,vps23,
302,In vche Cite þere he come,sacren on he scholde,come,trochaic,MED8522,vsjps13,scholde,trochaic,MED40162,vpt13,
303,wiþ þe selue oygnemens,þat he to him wrouȝte,oygnemens,nontrochaic,MED30472,npl<pr,wrouȝte,trochaic,MED52280,vpt13,
304,And an-oyg[n]ten oþer kynges,þat to crist torneden,kynges,trochaic,MED24299,nplOd,torneden,trochaic,MED47404,vpt23,
305,¶ Ȝit he leres him more,loueliche him-seluen,more,trochaic,MED28626,ajnpl-cpv,seluen,trochaic,MED20373,P13OiXM,
306,I beo-take þe her Iosaphe,soules to kepe,Iosaphe,trochaic,Wikidata_Q6288522,n-voc,kepe,trochaic,MED24173,vi-m,
307,ȝif eni þorw þi defaute,falle fro my riche,defaute,trochaic,MED10792,n<pr,riche,trochaic,MED37437,n<pr,
308,At þe day of Iuggement,þou beost ioyned harde,Iuggement,nontrochaic,MED23992,n<pr,harde,trochaic,MED19969,av,
309,¶ I seiȝe Ioseph þi fader,schal bodiliche hem ȝeme,fader,trochaic,MED15113,n,ȝeme,trochaic,MED53835,vi,
310,And þou gostliche,nou ȝemes hem boþe,gostliche,trochaic,MED19125,av,boþe,trochaic,MED5636,ajplOd,
311,wiþ-drawe þe of þi vestimens,and do hem vp to holde,vestimens,nontrochaic,MED51067,npl<pr,holde,trochaic,MED20995,vi-m,
312,Go now to-ward þe court,þe kyng for to turne,court,nontrochaic,MED10055,n<pr,torne,trochaic,MED47404,vi-m,
313,ÞEnne þei wenden heore wei,and to þe court ȝongen,wei,dative_e,MED52010,n<pr,ȝongen,trochaic,MED18162,vpt23,
314,And al a-boute þe paleys,haly water þei spreynden,paleys,nonschwa,MED32206,n<pr,spreynden,trochaic,MED42406,vpt23,
315,for mony a wikkede gost,woned hedde þere,gost,nontrochaic,MED19121,n,þere,trochaic,MED45141,av,
316,¶ wiþ-outen on þe paleys,as þei bi passeden,paleys,nonschwa,MED32206,n<pr,passeden,trochaic,MED32556,vpt23,
317,werdes of Ebreu,weren I-writen of ȝore,Ebreu,nonschwa,MED12925,n<pr,ȝore,trochaic,MED54029,av,
318,And sein daniel of Babiloyne,whon he fro Batayle wente,Babiloyne,trochaic,Wikidata_Q5684,n<pr,wente,trochaic,MED52201,vpt13,
319,Fro nabugodonosor,þe kyng þat him hade,nabugodonosor,nonschwa,MED29001,n<pr,hade,trochaic,MED20173,vpt13,
320,called þis paleis Auntres,and forsoþe seide,Auntres,trochaic,NO_AUTH_auntres,n,seide,trochaic,MED39209,vpt13,
321,þat hit scholde trewely,in sum tyme aftur,trewely,nonschwa,MED47008,av,aftur,trochaic,MED801,av,
322,called beo þe paleis,merueilouse for werkes,paleis,nonschwa,MED32206,n,werkes,trochaic,MED52278,npl<pr,
323,þat þer scholde beo seyȝen,þorw sonde of vr lord,seyȝen,trochaic,MED39393,vSpp,lord,trochaic,MED26078,n<pr,
324,¶ Bi þat was A Messager come,after þis men sone,come,trochaic,MED8522,vSpp,sone,trochaic,MED41559,av,
325,whon þei comen to þe halle,þei maden þe signe,halle,trochaic,MED19852,n<pr,signe,trochaic,MED40259,nOd,
326,on hem of þe verrey cros,and toward þe kyng eoden,cros,dative_e,MED10442,n<pr,eoden,trochaic,MED53786,vpt23,
327,¶ þe kyng hedde geten him a clerk,on of þe beste,clerk,nontrochaic,MED7991,nOd,beste,trochaic,MED4236,ajnpl<pr,
328,nouȝwhere in heore lawe,was such a-nother holden,lawe,trochaic,MED24815,n<pr,holden,trochaic,MED20995,vSpp,
329,to take Ioseph in his tale,ȝif he wrong seide,tale,trochaic,MED44431,n<pr,seide,trochaic,MED39209,vpt13,
330,¶ þou toldest me ȝusterday quod þe kyng,þou wost wel þi-seluen,kyng,nontrochaic,MED24299,n,seluen,trochaic,MED20373,P12XN,
331,Of þise þreo persones,and alle þei beoþ goddes,persones,trochaic,MED33110,npl<pr,goddes,trochaic,MED18945,npl,
332,And siþen of a-noþer,wonder forsoþe,oþer,trochaic,MED31010,aj-indef<pr,forsoþe,trochaic,MED17159,av,
333,þat Ihesu with-outen wem,won in a Mayden,wem,dative_e,MED52187,n<pr,Mayden,trochaic,MED26501,n<pr,
334,Þat I tolde þe þo,I telle þe ȝitte,þo,nontrochaic,MED45360,av,ȝitte,trochaic,MED53930,av,
335,I nul forsake my word,for no maner þinge,word,nontrochaic,MED53418,nOd,þinge,dative_e,MED45301,n<pr,
336,Op stondes þis clerk,and seis him þise wordes,clerk,nontrochaic,MED7991,n,wordes,trochaic,MED53418,nplOd,
337,Ȝif þise þreo persones,þat þou þe fore puttest,persones,trochaic,MED33110,npl,puttest,trochaic,MED35369,vps12,
338,han bote on godhede,þei nare not goddes alle,godhede,nonschwa,MED18979,nOd,alle,trochaic,MED985,ajpl,
339,Ȝif vchon haue a godhede,I graunte bi him-selue,godhede,nonschwa,MED18979,nOd,selue,trochaic,MED20373,P13<prXM,
340,I seie þat on is also good,as þe þreo hole,good,nontrochaic,MED18947,aj,hole,trochaic,MED21007,av,
341,¶ þat on is a verrei god,I sei bi god greyþe,god,nontrochaic,MED18945,n,greyþe,trochaic,MED19346,n<pr,
342,þis oþer two nare none,in no maner þinge,none,trochaic,MED29715,pnpl,þinge,dative_e,MED45301,n<pr,
343,He sprong in his sputison,and speek harde wordes,sputison,nontrochaic,MED42472,n<pr,wordes,trochaic,MED53418,nplOd,
344,þat Ioseph hedde no space,while his speche laste,space,trochaic,MED41916,nOd,laste,trochaic,MED24729,vpt13,
345,¶ Op stondes Iosaphe,and þe fader sittes,Iosaphe,trochaic,Wikidata_Q6288522,n,sittes,trochaic,MED40572,vps13,
346,Speek wiþ an heiȝ vois,þat al þe folk herde,vois,trochaic,MED51346,n<pr,herde,trochaic,MED20505,vpt13,
347,Nou þe greteþ sir Euelak,God of israel,Euelak,nontrochaic,NO_AUTH_euelak,n-voc,israel,nontrochaic,MED23501,n<pr,
348,þorw his seruauntes mouþ,and seye þe I wile,mouþ,nontrochaic,MED28827,n<pr,wile,trochaic,MED52797,vps11,
349,¶ þou hast I-seȝe to-niht,signefies summe,to-niht,trochaic,MED46293,av,summe,trochaic,MED41466,ajplOd,
350,þow hast diskeueret hem,þer he nis not payet,hem,nontrochaic,MED20803,P23Od,payet,trochaic,MED32178,vpp,
351,Heere þou schalt ha vengaunce,verreyliche and sone,vengaunce,trochaic,MED50860,nOd,sone,trochaic,MED41559,av,
352,þat al þi reume schal seo,þat þou wrong siggest,seo,nontrochaic,MED39393,vi,siggest,trochaic,MED39209,vps12,
353,¶ For he þis ilke Tholomer,þat þou weore wont to hunte,Tholomer,nontrochaic,NO_AUTH_tholomer,n,hunte,trochaic,MED21508,vi-m,
354,þat is kyng of Babiloyne,hiderward he buskes,Babiloyne,trochaic,Wikidata_Q5684,n<pr,buskes,trochaic,MED6383,vps13,
355,þreo dayes with þe niht,nou he þe schal driue,niht,dative_e,MED29498,n<pr,driue,trochaic,MED12668,vi,
356,Siþen lacche þe atte laste,and þe þi lyf bi-reuen,laste,trochaic,MED24726,ajn<pr,bi-reuen,trochaic,MED4732,vi,
357,He þat dorste nere ȝut,þe nouȝwhere a-byde,ȝut,nontrochaic,MED53930,av,abyde,trochaic,MED88,vi,
358,nou schal winne his wille of þe,for þi wrong bi-leeue,þe,nontrochaic,MED45072,P12<pr,bi-leeue,trochaic,MED4599,n<pr,
359,¶ þenne stod vp þis clerk,and wolde eft dispuite,clerk,nontrochaic,MED7991,n,dispuite,trochaic,MED12066,vi,
360,þenne him þouȝte þat on,heold him bi þe tonge,on,nontrochaic,MED30546,pn,tonge,trochaic,MED46289,n<pr,
361,And he roungede an heiȝ,and rorede so harde,heiȝ,nontrochaic,MED20246,ajn<pr,harde,trochaic,MED19969,av,
362,his eiȝen flowen out of his hed,and biforen him fallen,hed,trochaic,MED20201,n<pr,fallen,trochaic,MED15195,vps23,
363,¶ Þenne vp sturten þe folk,and wolden wiþ wepene,folk,nontrochaic,MED16580,n,wepene,trochaic,MED52222,n<pr,
364,sle Iosep[h] and his sone,for sake* [MS forsake as in 1 185] of þis oþer,sone,trochaic,MED41557,nOd,oþer,trochaic,MED31010,pn-def<pr,
365,And þe kyng Eualac,cauȝte his swerd sone,Eualac,nontrochaic,NO_AUTH_euelak,n,sone,trochaic,MED41559,av,
366,And beo þe miht of Iubiter,he swor to hem alle,Iubiter,nontrochaic,MED24028,n<pr,alle,trochaic,MED985,ajpl<pr,
367,weore eny of heom so wood,heom forte founde,wood,trochaic,MED53255,ajpl,founde,trochaic,MED17456,vi-m,
368,he wolde felle hem feye,ar þei þenne ferden,feye,trochaic,MED15450,ajplOd,ferden,trochaic,MED15284,vpt23,
369,¶ þenne seis þe kyng,mai þer out me helpe,kyng,nontrochaic,MED24299,n,helpe,trochaic,MED20336,vi,
370,forto saue me out,ȝif þat hit so lym[p]e,out,nontrochaic,MED31059,av,lyme,trochaic,MED25633,vps13,Lawton emends b-verse
371,¶ Ȝe sire seis Iosaphe,to fonge þe trouþe,Iosaphe,trochaic,Wikidata_Q6288522,n,trouþe,trochaic,MED47016,nOd,
372,And what trouwest þou of þis mon,tides him hele,mon,nontrochaic,MED26710,n<pr,hele,trochaic,MED20307,n,
373,Gos to oure Maumetes,and proues heore mihtes,Maumetes,trochaic,MED27106,npl<pr,mihtes,trochaic,MED27708,nplOd,
374,¶ þenne þei taken þis mon,and towen him to þe temple,mon,nontrochaic,MED26710,nOd,temple,trochaic,MED44732,n<pr,
375,A-non þei brouȝten him forþ,bi-foren þe moste mayster,forþ,nontrochaic,MED17204,av,mayster,trochaic,MED26558,n<pr,
376,Calleþ vppon an ymage,þat Appollin hette,Ymage,trochaic,MED22009,n<pr,hette,trochaic,MED21307,vps13,
377,and wol not onswere a word,þauh þei scholde swelten,word,nontrochaic,MED53418,nOd,swelten,trochaic,MED44115,vi,
378,¶ þenne spekes an ymage,in a-noþer huirne,Ymage,trochaic,MED22009,n,huirne,trochaic,MED20872,n<pr,
379,þat ȝe clepeþ Martis,nouȝt is þat ȝe mene,Martis,trochaic,MED26960,nOd,mene,trochaic,MED27327,vps22,
380,Appolin is bounden,and braset so faste,bounden,trochaic,MED4667,vSpp,faste,trochaic,MED15314,av,
381,he may not speke a word,for no þing alyue,word,nontrochaic,MED53418,nOd,alyue,trochaic,MED1140,aj<pr,
382,Þenne Ioseph hente a staf,þat stod him bi-syde,staf,nontrochaic,MED42552,nOd,bi-syde,trochaic,MED4825,pr,
383,strikes to þis Appolin,with a strong wille,Appolin,nontrochaic,Wikidata_Q37340,n<pr,wille,trochaic,MED52793,n<pr,
384,þat his nekke to-barst,and brak al to pouder,to-barst,nontrochaic,MED46075,vSpt13,pouder,trochaic,MED34203,n<pr,
385,and þe fend of his bodi,fleyȝ to þe lufte,bodi,short_i,MED5376,n<pr,lufte,dative_e,MED25472,n<pr,
386,¶ þenne þei leuen him þer,and goþ touward oþure,þer,trochaic,MED45141,av,oþure,trochaic,MED31010,pnpl-def<pr,
387,¶ þe kyng bowes to his pors,him offring to beode,pors,nontrochaic,MED35297,n<pr,beode,trochaic,MED3881,vi-m,
388,Let beo seis Iosaphe,I leeue þe beo bettre,Iosaphe,trochaic,Wikidata_Q6288522,n,bettre,trochaic,MED4287,aj-cpv,
389,For and þou profre him eny,I schal do [þe] to preue,eny,short_i,MED1643,pnOd,preue,trochaic,MED34580,n<pr,
390,vppon sodeyne deþ,þou schalt sone dye,deþ,dative_e,MED11421,n<pr,dye,trochaic,MED11564,vi,
391,¶ Do tel me seis þe kyng,I haue þe muche truste,kyng,nontrochaic,MED24299,n,truste,trochaic,MED47300,vpp,
392,Of þis tholomer and me,hou schal hit tyden,me,nontrochaic,MED27132,P11<pr,tyden,trochaic,MED45773,vi,
393,And he onsweres aȝeyn,I dar not wel sigge,aȝeyn,nontrochaic,MED3328,av,sigge,trochaic,MED39209,vi,
394,for þis cristene men,þat vmbe mong ȝongen,men,nontrochaic,MED26710,npl<pr,ȝongen,trochaic,MED18162,vps23,
395,¶ Se ȝe not þe tweyne Angeles,leden hem a-boute,Angeles,trochaic,MED3046,nplOd,a-boute,trochaic,MED160,av,
396,¶ þat on bereþ a cros,þat oþer a swerd kene,cros,nontrochaic,MED10442,nOd,kene,trochaic,MED24148,ajOd,
397,¶ wher-so-euere þei ben stad,such is heore strengþe,stad,nontrochaic,MED42719,vpp,strengþe,trochaic,MED43299,n,
398,Vre maystrie is nouȝt,in no maner þinge,nouȝt,nontrochaic,MED29935,av,þinge,dative_e,MED45301,n<pr,
399,¶ þenne seis Iosaphe,for us ne schalt þou wonde,Iosaphe,trochaic,Wikidata_Q6288522,n,wonde,trochaic,MED53374,vi,
400,Vppon þe heiȝe trinite,I halse þe to telle,trinite,nontrochaic,MED47107,n<pr,telle,trochaic,MED44693,vi-m,
401,Spek al þat þou const,& let þe kyng here,const,nontrochaic,MED9326,vps12,here,trochaic,MED20505,vi,
402,Of newe þing þat is to come he seis,con I not telle,seis,nontrochaic,MED39209,vps13,telle,trochaic,MED44693,vi,
403,Bi þat was a Messager i-come,and to þe kyng menes,i-come,trochaic,MED8522,vSpp,menes,trochaic,MED27327,vps13,
404,And seis him þat tholomer,has taken of his londes,tholomer,nontrochaic,NO_AUTH_tholomer,n,londes,trochaic,MED25988,npl<pr,
405,¶ þe riche Cite of Nagister,nomen he has forsoþe,Nagister,nontrochaic,NO_AUTH_nagister,n<pr,for-soþe,trochaic,MED17159,av,
406,Siþen he keueres vppon,and takes bi-fore clene,vppon,nontrochaic,MED50462,av,clene,trochaic,MED7951,av,
407,þe Castel of a-longines,and hiderward he ioynes,a-longines,?,NO_AUTH_alongines,n<pr,ioynes,trochaic,MED23893,vps13,
408,with sixti þousent he seide,of clene men of Armes,seide,trochaic,MED39209,vpt13,Armes,trochaic,MED2266,npl<pr,
409,And Fifti þousend fot-men,þat redi beþ to fihte,fot-men,nontrochaic,MED17420,npl<pr,fihte,trochaic,MED15910,vi-m,
410,þei han geten þat holt,for certeyn soþe,host,nontrochaic,MED21276,nOd,soþe,dative_e,MED41701,n<pr,
411,þer is non in þat lond,þat schal hem wiþstonden,lond,dative_e,MED25988,n<pr,wiþstonden,trochaic,MED53147,vi,
412,¶ þenne þe kyng was a-ferd,I hete þe forsoþe,aferd,trochaic,MED665,vpp-aj,forsoþe,trochaic,MED17159,av,
413,leste þe tale of Iosaphe,ferede trewe,Iosaphe,trochaic,Wikidata_Q6288522,n<pr,trewe,trochaic,MED46999,aj,
414,ÞE kyng boskes lettres a-non,to bounen his bernes,anon,nontrochaic,MED1714,av,bernes,trochaic,MED4195,nplOd,
415,Comaundes hem to meeten him,tymely on þe morwen,him,nontrochaic,MED20803,P13MOd,morwen,trochaic,MED28660,n<pr,
416,At þe Castel of Carboye,þer he beden hade,Carboye,?,NO_AUTH_carboye,n<pr,hade,trochaic,MED20173,vpt13,
417,was fiftene myle,fro sarras I-holden,myle,trochaic,MED27759,n,I-holden,trochaic,MED20995,vSpp,
418,And oþer fiftene myle,fro þenne as þei leiȝen,myle,trochaic,MED27759,n,leiȝen,trochaic,MED25443,vSpt23,
419,¶ þenne Ioseph takes him forþ,and seiþ him þis wordes,forþ,nontrochaic,MED17204,av,wordes,trochaic,MED53418,nplOd,
420,wostou what þou do kyng,nou þat þou wendes,kyng,nontrochaic,MED24299,n-voc,wendes,trochaic,MED52201,vps13,
421,Of þi comynge a-ȝein,const þou not telle,aȝein,nontrochaic,MED3328,av,telle,trochaic,MED44693,vi,
422,¶ Such signe me is tauȝt,þou art of cun symple,tauȝt,nontrochaic,MED44633,vpp,symple,trochaic,MED40392,aj<pr,
423,forsoþe A mon was þi fader,þat couþe schon a-mende,fader,trochaic,MED15113,n,amende,trochaic,MED1394,vi,
424,¶ þat tyme þat Augustes cesar,was Emperour of Rome,cesar,nonschwa,MED7154,n,Rome,trochaic,MED37821,n<pr,
425,þou wast lenged in þe lond,þat þat lord ouȝte,lond,dative_e,MED25988,n<pr,ouȝte,trochaic,MED31051,vpt13,
426,Fourti knihtes douȝtres,he wolde haue of fraunce,douȝtres,trochaic,MED12455,nplOd,fraunce,trochaic,MED17594,n<pr,
427,forte souwe selk-werk,and sitten in his chaumbre,werk,nontrochaic,MED52278,nOd,chaumbre,trochaic,MED7346,n<pr,
428,¶ For þou were a feir child,þou weore I-fet to serue,child,nontrochaic,MED7559,n,serue,trochaic,MED39583,vi-m,
429,twei feire maydenes,and wiþ þis mon lengedest,maydenes,trochaic,MED26501,nplOd,lengedest,trochaic,MED25116,vpt12,
430,¶ þei heolden þe of herre blod,þen þou boren weore,blod,trochaic,MED5268,n<pr,weore,trochaic,MED4048,vsjpt12,
431,So þou souȝtes fro him,to þe erl of Surye,him,nontrochaic,MED20803,P13M<pr,surye,trochaic,MED40515,n<pr,
432,So þou and his sone,vppon a day seten,sone,trochaic,MED41557,n<pr,seten,trochaic,MED40572,vSpt23,
433,And ȝe woxen vn-sauȝt,and þou slouȝ him þere,vnsauȝt,nontrochaic,MED49640,vpp,þere,trochaic,MED45141,av,
434,So þou come to þe kyng,þat þis kuþþe auȝte,kyng,dative_e,MED24299,n<pr,auȝte,trochaic,MED31051,vpt13,
435,Seidest þou were a kniht,and in his court laftest,kniht,nontrochaic,MED24418,n,laftest,trochaic,MED25339,vpt12,
436,¶ He was an old mon,weried of werre,mon,nontrochaic,MED26710,n,werre,trochaic,MED52312,n<pr,
437,And þou weore a ȝong mon,in þi grete strengþe,mon,nontrochaic,MED26710,n,strengþe,trochaic,MED43299,n<pr,
438,For þou toke his enemy,and brouȝtest him to honde,enemy,nontrochaic,MED13741,nOd,honde,dative_e,MED21102,n<pr,
439,forþi he ȝaf þe þis lond,after his lyue,lond,nontrochaic,MED25988,nOd,lyue,dative_e,MED25454,n<pr,
440,Hit is not allynge to carpe sire kyng,wher-of we comen,kyng,nontrochaic,MED24299,n-voc,comen,trochaic,MED8522,vps21,Lawton emends b-verse
441,He takes non [hede] heere-to,bote askes him of þe sweuene,heere-to,nontrochaic,MED20630,av,sweuene,trochaic,MED44177,n<pr,
442,þat he mette on þe niht,and bad he scholde him telle,niht,dative_e,MED29498,n<pr,telle,trochaic,MED44693,vi,
443,¶ whon þat þou comest aȝeyn,wite þou schalt forsoþe,aȝeyn,nontrochaic,MED3328,av,forsoþe,trochaic,MED17159,av,
444,þou miht haue more redi roume,my rikenyng to here,roume,nontrochaic,MED37971,nOd,here,trochaic,MED20505,vi-m,
445,¶ Ioseph[e] takes his scheld,and schapes a-middes,scheld,nontrochaic,MED39833,nOd,a-middes,trochaic,MED1431,av,
446,A crois of red cloþ,and kennes him aftur,cloþ,nontrochaic,MED8138,n<pr,aftur,trochaic,MED801,av,
447,whon his peril weore most,to crist he scholde preyen,most,nontrochaic,MED28737,aj-sup,preyen,trochaic,MED34400,vi,
448,for þer scholde no mon verreili,þat vigore bi-holden,verreili,nontrochaic,MED50989,av,bi-holden,trochaic,MED4526,vi,
449,þat he nis saaf þat dai,and his sore passed,dai,nontrochaic,MED10482,nOi,passed,trochaic,MED32556,vpp,
450,ÞEnne he buskes touward þe bente,þer þis oþer byden,bente,dative_e,MED4116,n<pr,byden,trochaic,MED4389,vps23,
451,He arayes his riche men,and rihtes hem swiþe,men,nontrochaic,MED26710,nplOd,swiþe,trochaic,MED44277,av,
452,A-non tholomers men,woxen þe biggore,men,nontrochaic,MED26710,npl,biggore,trochaic,MED4441,ajnpl-cpv,
453,sone beeren hem a-bac,and brouhten hem to grounde,a-bac,nontrochaic,MED26,av,grounde,dative_e,MED19601,n<pr,
454,And þei tornede a-ȝein,þat tyme hit was non oþer,aȝein,nontrochaic,MED3328,av,oþer,trochaic,MED31010,pn-def,
455,¶ þei come bi tholomers tentes,vn-housed hem sone,tentes,trochaic,MED44838,npl<pr,sone,trochaic,MED41559,av,
456,Token holliche his stor,and a-wei streiȝten,stor,nontrochaic,MED43097,n<pr,streiȝten,trochaic,MED43228,vpt23,
457,þat þei come to a Castel,faste be-syde,Castel,trochaic,MED6906,n<pr,besyde,trochaic,MED4824,av,
458,¶ þe kyng was gon to pleye him,bi a water brimme,him,nontrochaic,MED20803,P13MXM,brimme,trochaic,MED6047,n<pr,
459,þen com on prikynge,prest him a-ȝeynes,prikynge,nontrochaic,MED34614,vpsp,aȝeynes,trochaic,MED3338,pr,
460,He seide my ladi þe queene,ou a lettre sende,queene,trochaic,MED35546,n,sende,trochaic,MED39404,vpt13,
461,Biddes ou wihtly be boun,to don as heo biddes,boun,nontrochaic,MED5713,aj,biddes,trochaic,MED4381,vps13,
462,And he redes hit forþ,and fond þer-on sone,forþ,nontrochaic,MED17204,av,sone,trochaic,MED41559,av,
463,þat he scholde wiþ-drawe him,al a-wei þenne,him,nontrochaic,MED20803,P13OdXM,þenne,trochaic,MED45123,av,
464,Or elles tholomers folk,wol taken him þere,folk,nontrochaic,MED16580,n,þere,trochaic,MED45141,av,
465,¶ Forþi heo wole þat he wite,and warnes him beo|time,wite,trochaic,MED52987,vsjps13,beotime,trochaic,MED4948,av,
466,¶ Ho has witered hire of þis,and ho has hire kenned,þis,nontrochaic,MED45345,Dispn<pr,kenned,trochaic,MED24161,vpp,
467,He onsweres a-non,sire I not forsoþe,anon,nontrochaic,MED1714,av,forsoþe,trochaic,MED17159,av,
468,Bote þe two cristene men,þat bydes ow at court,men,nontrochaic,MED26710,npl,court,nontrochaic,MED10055,n<pr,
469,in gret counseil han I-beo,I trouwe hit be þer a|boute,beo,nontrochaic,MED4048,vi,þer-aboute,trochaic,MED45142,av,
470,And he telles hem þenne,of þe qwene sonde,þenne,trochaic,MED45038,av,sonde,trochaic,MED41535,n<pr,
471,þorw counseil of Iosaphe,and Ihesu þei þonken,Iosaphe,trochaic,Wikidata_Q6288522,n<pr,þonken,trochaic,MED45027,vps23,
472,¶ ÞE kyng Boskes lettres a-non,to boune mo bernes,anon,nontrochaic,MED1714,av,bernes,trochaic,MED4195,nplOd,
473,bi þat þe niȝt was a-weye,And þe day on þe morwe,aweye,nontrochaic,MED3252,av,morwe,trochaic,MED28660,n<pr,
474,þei hadden of newe folk,fourtene þousend,folk,nontrochaic,MED16580,n<pr,þousend,trochaic,MED45417,qcOd,
475,He seiȝ vnder a wode-egge,siker bi hem-seluen,egge,trochaic,MED13065,n<pr,seluen,trochaic,MED20373,P23<prX,
476,Freschliche I-diht,Fyue hondred men of Armes,I-diht,nontrochaic,MED11613,vpp-aj,Armes,trochaic,MED2266,npl<pr,
477,¶ On vn-castes his helm,and to þe kyng rydes,helm,nontrochaic,MED20330,nOd,rydes,trochaic,MED37470,vps13,
478,And he kneuȝ him wel,he was his wyues broþer,wel,nontrochaic,MED52078,av,broþer,trochaic,MED6165,n,
479,was I-called Seraphe,a ȝong Erl forsoþe,Seraphe,?,NO_AUTH_seraphe,n,forsoþe,trochaic,MED17159,av,
480,and a douȝti þer-wiþ,in alle goode deedes,þer-wiþ,nontrochaic,MED45207,av,deedes,trochaic,MED10751,npl<pr,
481,He mihte neuer gete loue of þe kyng,much ne luyte,kyng,nontrochaic,MED24299,n<pr,luyte,trochaic,MED25778,ajOd,
482,ne good herte of him,and he non harm seruede,him,nontrochaic,MED20803,P13<prM,seruede,trochaic,MED39584,vpt13,
483,He seide my ladi þe Qwene,me a lettre sende,Qwene,trochaic,MED35546,n,sende,trochaic,MED39404,vpt13,
484,Ȝif euere I halp hire at neode,I scholde hit now cuiþe,neode,trochaic,MED29184,n<pr,cuiþe,trochaic,MED24365,vi,
485,And I am come to þi wille,sire wiþ þis knihtes,wille,trochaic,MED52793,n<pr,knihtes,trochaic,MED24418,npl<pr,
486,Forsoþe he seis seraphe,so þou euele ouȝtest,seraphe,?,NO_AUTH_seraphe,n-voc,ouȝtest,trochaic,MED31051,vpt12,
487,Ofte I haue for-set þe,þat me sore forþinkes,þe,nontrochaic,MED45072,P12Od,for-þinkes,trochaic,MED17244,vps13,
488,For euere þe kuynde wol be frend,for ouȝt þat mai bi-falle,frend,nontrochaic,MED17655,n,bi-falle,trochaic,MED4416,vi,
489,Now þei bouwe touward þe bente,þer þis oþere houen,bente,dative_e,MED4116,n<pr,houen,trochaic,MED21401,vps23,
490,He arayes his riche men,and rihtes hem bettre,men,nontrochaic,MED26710,nplOd,bettre,trochaic,MED4288,av-cpv,
491,þat þorw him reowen no res,þat his red wrouȝten,res,nontrochaic,MED37027,nOd,wrouȝten,trochaic,MED52280,vpt23,
492,¶ þenne seis Seraphe,holdes ou stille,Seraphe,?,NO_AUTH_seraphe,n,stille,trochaic,MED42950,av,
493,And þenkes on goode men,þe gref is oure childre,men,nontrochaic,MED26710,npl<pr,childre,trochaic,MED7559,nplOi,
494,what wol bi-falle þer-of,and we ben confoundet,þer-of,nontrochaic,MED45182,av,confoundet,trochaic,MED8948,vpp,
495,Betere hit were douhtilyche,to diȝen on or oune,douhtilyche,trochaic,MED12460,av,oune,trochaic,MED31050,ajn<pr,
496,þen wiþ schendschupe to schone,and vs a-bak drawe,schone,trochaic,MED40037,vi-m,drawe,trochaic,MED12537,vi,
497,þei han geten on hem,þe lengþe of a gleyue,hem,nontrochaic,MED20353,P23<pr,gleyue,trochaic,MED18698,n<pr,
498,¶ whon Seraphe seiȝ þat men,þei miȝte I-seo sone,men,nontrochaic,MED26710,nplOd,sone,trochaic,MED41559,av,
499,his polhache go,and proude doun pallede,go,nontrochaic,MED19078,vi,pallede,trochaic,MED32245,vpt13,
500,In þe þikkeste pres,he preuede his wepne,pres,trochaic,MED34521,n<pr,wepne,trochaic,MED52222,nOd,
501,Breek braynes a-brod,brusede burnes,a-brod,nontrochaic,MED198,av,burnes,trochaic,MED4195,nplOd,
502,Beer bale in his hond,bed hit a-boute,hond,dative_e,MED21102,n<pr,a-boute,trochaic,MED160,av,
503,He hedde an hache vppon heiȝ,wiþ a gret halue,heiȝ,nontrochaic,MED20246,ajn<pr,halue,trochaic,MED20349,n<pr,
504,Huld hit harde wiþ teis,in his two hondes,teis,trochaic,MED44654,npl<pr,hondes,trochaic,MED21102,npl<pr,
505,So he frusschede hem with,and fondede his strengþe,wiþ,nontrochaic,MED52999,pr,strengþe,trochaic,MED43299,nOd,
506,þat luyte miȝte faren him fro,and to fluiȝt founden,fro,nontrochaic,MED17795,pr,founden,trochaic,MED17456,vpt23,
507,¶ þere weore stedes to struien,stoures to medlen,struien,trochaic,MED43374,vi-m,medlen,trochaic,MED27188,vi-m,Lawton emends the a-verse
508,Meeten miȝtful men,mallen þorw scheldes,men,nontrochaic,MED26710,nplOd,scheldes,trochaic,MED39833,npl<pr,
509,¶ Harde hauberkes to-borsten,and þe brest þurleden,to-borsten,trochaic,MED46075,vSpt23,þurleden,trochaic,MED45332,vpt23,
510,Schon schene vppon schaft,schalkene blode,schaft,dative_e,MED39732,n<pr,blode,nontrochaic,MED5268,n,
511,¶ þo þat houen vppon hors,heowen on helmes,hors,dative_e,MED21229,n<pr,helmes,trochaic,MED20330,npl<pr,
512,¶ þo þat hulden hem on fote,hakken þorw scholdres,fote,nontrochaic,MED17401,n<pr,scholdres,trochaic,MED40157,npl<pr,
513,mony swouȝninge lay,þorw schindringe of scharpe,lay,trochaic,MED25443,vSpt23,scharpe,trochaic,MED39797,ajpl<pr,
514,And starf aftur þe deþ,in a schort while,deþ,dative_e,MED11421,n<pr,while,trochaic,MED52555,n<pr,
515,¶ þer weoren hedes vn-huled,helmes vphaunset,vn-huled,trochaic,MED48853,vpp-aj,haunset,trochaic,MED20144,vpp-aj,
516,harde scheldes to-clouen,on quarters fellen,to-clouen,trochaic,MED46087,vSpt23,fellen,trochaic,MED15195,vSpt23,
517,slen hors and mon,holliche at enes,mon,nontrochaic,MED26710,nOd,at enes,trochaic,MED2832,av,
518,ÞE stiward of Eualak,in þe stour lafte,Eualak,nontrochaic,NO_AUTH_euelak,n<pr,lafte,trochaic,MED25339,vpt13,Scase transcription error b-verse coda
519,lai streiht on þe feld,striken to þe eorþe,feld,dative_e,MED15506,n<pr,eorþe,trochaic,MED14387,n<pr,
520,¶ Now Eualac and tholomer,twies han a-semblet,tholomer,nontrochaic,NO_AUTH_tholomer,n,asemblet,trochaic,MED2572,vpp,
521,Seraphe takes of heore men,wel a two hundred,men,nontrochaic,MED26710,npl<pr,hundred,trochaic,MED21487,qcOd,
522,to wende to a Roche,was faste bi-syde,Roche,trochaic,MED37789,n<pr,bi-syde,trochaic,MED4824,av,
523,Hedde þei geten þat holt,for certeyne soþe,holt,nontrochaic,MED21067,nOd,soþe,dative_e,MED41701,n<pr,
524,þei mihten haue do muche harm,er þei han hem mihte,harm,nontrochaic,MED20007,nOd,mihte,trochaic,MED28782,vpt23,
525,¶ þenne com on wiþ a tale,and Tholomer he telles,tale,trochaic,MED44431,n<pr,telles,trochaic,MED44693,vps13,
526,And seis him hou Seraphe,has his men serued,seraphe,?,NO_AUTH_seraphe,n,serued,trochaic,MED39583,vpp,
527,His broþer and a batayle,weore bosket bi-sydes,batayle,trochaic,MED3764,n,bi-sydes,trochaic,MED4824,av,
528,And he sende him word,he scholde þider seche,word,nontrochaic,MED53418,nOd,seche,trochaic,MED39128,vi,
529,And þei come swiftly vppon,and swengeden to-gedere,vppon,nontrochaic,MED50462,av,to-gedere,trochaic,MED46169,av,
530,¶ Seraphe was of hem wel war,and faste hem a-scries,war,nontrochaic,MED51755,aj,a-scries,trochaic,MED2431,vps13,
531,He mette a gome on an hors,with a gret route,hors,dative_e,MED21229,n<pr,route,trochaic,MED38007,n<pr,
532,He hente vp his hachet,and huttes him euene,hachet,nonschwa,MED19757,nOd,euene,trochaic,MED14690,av,
533,Al to-hurles þe helm,and þe hed vnder,helm,nontrochaic,MED20330,nOd,vnder,trochaic,MED48176,av,
534,wiþ þe deþ in his hals,dounward he duppes,hals,dative_e,MED19863,n<pr,duppes,trochaic,MED11726,vps13,
535,and þat deruede hem muche,on þat oþer syde,muche,trochaic,MED28840,av,syde,trochaic,MED40199,n<pr,
536,for þe kyng Tholomer,was treweli his broþer,Tholomer,nontrochaic,NO_AUTH_tholomer,n,broþer,trochaic,MED6165,n,
537,¶ þen Seraphe fondes in,he and fourti knihtes,in,nontrochaic,MED22278,av,knihtes,trochaic,MED24418,npl,
538,¶ þer þe batayle was stiffest,and of more strengþe,stiffest,nontrochaic,MED42913,aj-sup,strengþe,trochaic,MED43299,n<pr,
539,¶ þenne þei fullen for grame,to Seraphe knihtes,grame,trochaic,MED19219,n<pr,knihtes,trochaic,MED24418,npl<pr,
540,þei han laft him a-lyue,but vnneþe seuene,a-lyue,trochaic,MED1140,ajplOd,seuene,trochaic,MED39684,qcOd,
541,Sikerli þe seuene,weore slayen at þe laste,seuene,trochaic,MED39684,qcN,laste,trochaic,MED24726,ajn<pr,
542,Him wondet þer-wiþ,and wemmet so sore,þer-wiþ,nontrochaic,MED45207,av,sore,trochaic,MED41636,av,
543,þat he was in swounynge,and fel to þe grounde,swounynge,nontrochaic,MED44330,vn<pr,grounde,dative_e,MED19601,n<pr,
544,¶ Sone þenne he starte vp,and streiȝte to his hache,vp,nontrochaic,MED50323,av,hache,trochaic,MED19755,n<pr,
545,culles on mennes hedes,þat þei doun lyen,hedes,trochaic,MED20201,npl<pr,lyen,trochaic,MED25443,vps23,
546,Siþen cacches his hors,and a-wei wendes,hors,nontrochaic,MED21229,nOd,wendes,trochaic,MED52201,vps13,
547,Bote euer-more Seraphe,askes and cries,seraphe,?,NO_AUTH_seraphe,n,cries,trochaic,MED10316,vps13,
548,where was Eualac,þe stour was so þikke,Eualac,nontrochaic,NO_AUTH_euelak,n,þikke,trochaic,MED45269,aj,
549,¶ wel a fyue þousend men,of tholomeres halue,men,nontrochaic,MED26710,npl,halue,trochaic,MED20349,n<pr,
550,weore bytwene hem two,þat to him he ne mihte,two,nontrochaic,MED47539,qc<pr,mihte,trochaic,MED28782,vpt13,
551,And he nedde bote fourti men,folewynde his brydel,men,nontrochaic,MED26710,nplOd,brydel,trochaic,MED6011,nOd,
552,And þei were weri of-fouȝten,and feor ouer-charged,fouȝten,trochaic,MED15910,vSpp-aj,ouer-charged,trochaic,MED31561,vpp-aj,
553,Of þe peple afurst,and þe pres after,afurst,nontrochaic,MED744,av,after,trochaic,MED801,av,
554,luyte wonder hit was,so þey wrouȝt haden,was,nontrochaic,MED4048,vpt13,haden,trochaic,MED20173,vpt23,
555,ÞEnne was Eualac taken,and woundet ful sore,taken,trochaic,MED44420,vpp,sore,trochaic,MED41636,av,
556,And þe kyng tholomer,takes him to kepe,tholomer,nontrochaic,NO_AUTH_tholomer,n,kepe,trochaic,MED24173,vi-m,
557,Ferde in-to a forest,faste bi-syde,forest,nonschwa,MED16875,n<pr,bi-syde,trochaic,MED4824,av,
558,forte fallen him feye,er þei a-ȝeyn ferden,feye,trochaic,MED15450,ajOd,ferden,trochaic,MED15284,vpt23,
559,¶ þenne he vn-keuered his scheld,& on þe cros bi|holdes,scheld,nontrochaic,MED39833,nOd,bi-holdes,trochaic,MED4526,vps13,
560,He seiȝ a child strauȝt þer-on,stremynge on blode,þer-on,nontrochaic,MED45183,av,blode,dative_e,MED5268,n<pr,
561,And he bi-souȝte him of grace,as he was godes foorme,grace,trochaic,MED19175,n<pr,foorme,trochaic,MED17042,n,
562,¶ þenne he seiȝ a whit kniht,comynge him a-ȝeines,kniht,nontrochaic,MED24418,nOd,aȝeines,trochaic,MED3338,pr,
563,boþe Armure and hors,al as þe lilye,hors,nontrochaic,MED21229,n,lilye,trochaic,MED25592,n,
564,A red cros on his scheld,seemed him feire,scheld,dative_e,MED39833,n<pr,feire,trochaic,MED15158,aj,
565,Rydes to tholomer,rad wiþ þat ilke,tholomer,nontrochaic,NO_AUTH_tholomer,n<pr,ilke,trochaic,MED21962,pn<pr,
566,Baar him doun of his hors,and harmed him more,hors,dative_e,MED21229,n<pr,more,trochaic,MED28627,av-cpv,
567,strok him stark ded,þat he sturede neuere,ded,nontrochaic,MED10744,ajOd,neuere,trochaic,MED29438,av,
568,¶ Siþen he fonges forþ,a ferly wepne,forþ,nontrochaic,MED17204,av,wepne,trochaic,MED52222,nOd,
569,fel hem feiȝe to his feet,þat him hedde folewed,feet,nontrochaic,MED17401,npl<pr,folewed,trochaic,MED16601,vpp,
570,¶ þenne he horses Eualac,on tholomeres steede,Eualac,nontrochaic,NO_AUTH_euelak,nOd,steede,trochaic,MED42716,n<pr,
571,bouwes touward þe batayle,bigly and swiþe,batayle,trochaic,MED3764,n<pr,swiþe,trochaic,MED44277,av,
572,¶ Euer-more Eualac,askes and cries,Eualac,nontrochaic,NO_AUTH_euelak,n,cries,trochaic,MED10316,vps13,
573,where was Seraphe,and seiȝ him wiþ þat ilke,Seraphe,?,NO_AUTH_seraphe,n,ilke,trochaic,MED21962,pn<pr,
574,wher seue knihtes him han,sikerliche a-sayled,han,nontrochaic,MED20173,vps23,a-sayled,trochaic,MED2550,vpp-ajOd,
575,and titli bi-gonnen,to take him bi þe bridel,bi-gonnen,trochaic,MED4470,vSpt23,bridel,trochaic,MED6011,n<pr,
576,¶ þe white kniht wiþ his swerd,swyngede to hem sone,swerd,dative_e,MED44308,n<pr,sone,trochaic,MED41559,av,
577,whon þe sixe weoren dede,þe seueþe a knyf cauhte,dede,trochaic,MED10744,ajpl,cauhte,trochaic,MED6442,vpt13,
578,And wolde ha striken Seraphe,at a stude derne,seraphe,?,NO_AUTH_seraphe,n,derne,trochaic,MED11243,aj<pr,
579,vppon an hole of his helm,and he was so for-fouȝten,helm,nontrochaic,MED20330,n<pr,for-fouȝten,trochaic,MED16933,vSpp-aj,
580,þat he hedde no space,spedly him-seluen,space,trochaic,MED41916,nOd,seluen,trochaic,MED20373,P13OiXM,
581,forto do him no dispit,þe sporn was his owne,dispit,nontrochaic,MED11361,nOd,owne,trochaic,MED31050,aj,
582,¶ whon Eualac þat sauȝ,he fel to þe grounde,sauȝ,nontrochaic,MED39393,vSpt13,grounde,dative_e,MED19601,n<pr,
583,And Seraphe also,and boþe lye [a] swoune,also,trochaic,MED2398,av,swonne,trochaic,MED44321,vSpp-aj,Lawton emends b-verse
584,¶ þe white kniht lihtes doun,and boþe hem vp-liftes,doun,nontrochaic,MED12469,av,liftes,trochaic,MED25475,vps13,
585,þer nas no lynde so liht,as þise two leodes,liht,nontrochaic,MED25499,aj,leodes,trochaic,MED24956,npl,
586,whon þei blencheden a-boue,and eiþer seiȝ oþer,aboue,trochaic,MED173,av,oþer,trochaic,MED31010,pn-defOd,
587,¶ þenne seis Seraphe,scheuȝ me myn hache,Seraphe,?,NO_AUTH_seraphe,n,hache,trochaic,MED19755,nOd,
588,and I schal note hit to-day,my strengþe is so newed,today,nontrochaic,MED46102,av,newed,trochaic,MED29418,vpp-aj,
589,¶ Haue her-on seis þe white kniht,vppon my bi|halue,kniht,nontrochaic,MED24418,n,bi-halue,trochaic,MED4497,n<pr,
590,God sende þe þis,þat al þe grace lenes,þis,nontrochaic,MED45345,DispnOd,lenes,trochaic,MED25108,vps13,
591,whon he hedde hit in honde,he heold hit þe betere,honde,dative_e,MED21102,n<pr,betere,trochaic,MED4288,av-cpv,
592,And þe heuior bi fer,þen he bi-foren hedde,fer,nontrochaic,MED15622,av,hedde,trochaic,MED20173,vpt13,
593,Nas þer ȝong mon ne old,þat ȝernloker wrouȝte,old,nontrochaic,MED30494,aj,wrouȝte,trochaic,MED52280,vpt13,
594,þen Eualac and Seraphe,wher-so-euer þei souȝten,Seraphe,?,NO_AUTH_seraphe,n,souȝten,trochaic,MED39128,vpt23,
595,Also fresch as þe hauk,freschore þat tyme,hauk,trochaic,MED20132,n,tyme,trochaic,MED45871,nOi,
596,þen þei foundeden þidere,in heore furste come,þidere,trochaic,MED45261,av,come,trochaic,MED8512,n<pr,
597,But euer-more þe white kniht,hem þe place roumede,kniht,nontrochaic,MED24418,n,roumede,trochaic,MED37566,vpt13,
598,Hit falles not for to seiȝe,þe fere of his duntes,seiȝe,trochaic,MED39209,vi-m,duntes,trochaic,MED11719,npl<pr,
599,þer he lousede his hond,he leyde hem on Ronkes,hond,nontrochaic,MED21102,nOd,Bonkes,trochaic,MED3585,npl<pr,
600,and welde hem bi-foren,at his oune wille,bi-foren,trochaic,MED4432,av,wille,trochaic,MED52793,n<pr,
601,¶ þe stiward of Tholomer,stoffes hem to-gedere,Tholomer,nontrochaic,NO_AUTH_tholomer,n<pr,to-gedere,trochaic,MED46169,av,
602,and seis þei ben a-middes þe Reume,and mowe not hom reche,Reume,trochaic,MED36072,n<pr,reche,trochaic,MED36168,vi,
603,ne heo knowe not in the lond,forþi þei moten lenge,lond,dative_e,MED25988,n<pr,lenge,trochaic,MED25116,vi,
604,¶ þenne þe folk of þe Roche,hem in face kepten,Roche,trochaic,MED37789,n<pr,kepten,trochaic,MED24173,vpt23,
605,maden þer a siker werk,and slowen hem vp clene,werk,nontrochaic,MED52278,nOd,clene,trochaic,MED7951,av,
606,Eualac and Seraphe,wonder hem þhouȝte,Seraphe,?,NO_AUTH_seraphe,n,þhouȝte,trochaic,MED45309,vpt13,
607,wher þe white kniht bi-com,þat won hem þe prys,bicom,nontrochaic,MED4371,vSpt13,prys,nontrochaic,MED34677,nOd,
608,þei nuste where he was,ne on whuche syde,was,nontrochaic,MED4048,vpt13,syde,trochaic,MED40199,n<pr,
609,¶ þenne seis Seraphe,þat hom he wolde wende,Seraphe,?,NO_AUTH_seraphe,n,wende,trochaic,MED52201,vi,
610,He is woundet ful sore,to winnen his ese,sore,trochaic,MED41636,av,ese,trochaic,MED14461,nOd,
611,¶ Trewely seis Eualac,þow schalt wiþ me to court,Eualac,nontrochaic,NO_AUTH_euelak,n,court,nontrochaic,MED10055,n<pr,
612,And two wonderful men,þou schalt seo þere,men,nontrochaic,MED26710,nplOd,þere,trochaic,MED45141,av,
613,þei tolde me of vche a poynt,ar I fro home wente,poynt,trochaic,MED33862,n<pr,wente,trochaic,MED52201,vpt11,
614,al-to-gedere of þis werk,hou hit is wonne,werk,nontrochaic,MED52278,n<pr,wonne,trochaic,MED52917,vSpp,
615,Nou we leuen þe kyng,and of Ioseph carpen,kyng,nontrochaic,MED24299,nOd,carpen,trochaic,MED6853,vps21,
616,þat restes him in Sarras,bi-leued wiþ þe qweene,sarras,nonschwa,Wikidata_Q1853612,n<pr,qweene,trochaic,MED35546,n<pr,
617,Hou trouwestou of my lord heo seis,tydes him hele,seis,nontrochaic,MED39209,vps13,hele,trochaic,MED20307,n,
618,Has he folfulsened þe sawes,þat þou bi-fore seidest,sawes,trochaic,MED38573,nplOd,seidest,trochaic,MED39209,vpt12,
619,Ȝe þorw þe miht of god,þe maystrie is wonnen,god,trochaic,MED18945,n<pr,wonnen,trochaic,MED52917,vSpp,
620,And þorw his swete grace,þe sarrest is passed,grace,trochaic,MED19175,n<pr,passed,trochaic,MED32556,vpp,
621,¶ Ȝe I wol bi-hote þe heer,þi lawe for to holden,heer,nontrochaic,MED20434,av,holden,trochaic,MED20995,vi-m,
622,whon þat my lord is comen,þat schal I furst fongen,comen,trochaic,MED8522,vSpp,fongen,trochaic,MED16624,vi,
623,Do me sikernesse þer-to,seis Ioseph þenne,þerto,nontrochaic,MED45196,av,þenne,trochaic,MED45038,av,
624,¶ I wole my trouþe þe bi-take,I wol þe nout trayse,bi-take,trochaic,MED4917,vi,trayse,trochaic,MED46708,vi,
625,Nay þou hast non seis he,for certeyn soþe,he,nontrochaic,MED20191,P13NM,soþe,dative_e,MED41701,n<pr,
626,Ȝe han be fastned wiþ hem,þat ferden wiþ luitel,hem,nontrochaic,MED20353,P23<pr,luitel,trochaic,MED25781,n<pr,
627,Tel me what is þin,and what hit signefyes,þin,nontrochaic,MED45296,P12GN,signefyes,trochaic,MED40276,vps13,
628,And he tolde hire a-non,trewely him-seluen,anon,nontrochaic,MED1714,av,seluen,trochaic,MED20373,P13MXM,
629,And heo rikenede a-ȝeyn,radly and sone,aȝeyn,nontrochaic,MED3328,av,sone,trochaic,MED41559,av,
630,Also redili as he,and wonder he hedde,he,nontrochaic,MED20191,P13NM,hedde,trochaic,MED20173,vpt13,
631,¶ I schal seiȝe þe Ioseph,for certeyn soþe,Ioseph,nonschwa,Wikidata_Q271474,n-voc,soþe,dative_e,MED41701,n<pr,
632,hou I tok cristendom,and in what tyme,cristendom,nontrochaic,MED10373,nOd,tyme,trochaic,MED45871,n<pr,
633,while my moder lyuede,heo hedde an vuel longe,lyuede,trochaic,MED25843,vpt13,longe,trochaic,MED26029,av,
634,And souȝte in-to diuerse studes,and mihte haue non hele,studes,trochaic,MED42715,npl<pr,hele,trochaic,MED20307,nOd,
635,¶ þenne wonede an hermite,faste bi-syde,hermite,trochaic,MED20502,n,bi-syde,trochaic,MED4824,av,
636,Semely vppon a day,þidere we souhten,day,trochaic,MED10482,n<pr,souhten,trochaic,MED39128,vpt21,
637,Heo bad þis hermyte,he scholde hire hele sende,hermyte,trochaic,MED20502,nOd,sende,trochaic,MED39404,vi,
638,¶ I am sinful as þou he seis,I mai þe non graunte,seis,nontrochaic,MED39209,vps13,graunte,trochaic,MED19274,vi,
639,¶ No mak þi preyere to him heo seis,þat þin hope is inne,seis,nontrochaic,MED39209,vps13,inne,trochaic,MED22818,av,
640,¶ woldestou leeue vppon him he seis,I wolde þe bi-hote,seis,nontrochaic,MED39209,vps13,bi-hote,trochaic,MED4533,vi,
641,þat þou scholdest ben hol,ar þou henne eodest,hol,nontrochaic,MED21006,aj,eodest,trochaic,MED53786,vpt12,
642,¶ He made hire to knele a-doun,and a bok bradde,adoun,nontrochaic,MED542,av,bradde,trochaic,MED5881,vpt13,
643,Radde a gospel þer-on,and bad hire vp rise,þer-on,nontrochaic,MED45183,av,rise,trochaic,MED37645,vi,
644,And heo was lihtned of hire euel,in a luytel stounde,euel,trochaic,MED23619,n<pr,stounde,trochaic,MED43140,n<pr,
645,¶ þenne heo seide to me,douȝter ful deore,me,nontrochaic,MED27132,P11<pr,deore,trochaic,MED11195,aj-voc,
646,woltou beo as I am,and on þis mon leue,am,nontrochaic,MED4048,vps11,leue,trochaic,MED25342,vi,
647,And I wepte water warm,and wette my wonges,warm,nontrochaic,MED51791,ajOd,wonges,trochaic,MED53406,nplOd,
648,And seide his bert was so hor,I bad not on him leeue,hor,nontrochaic,MED21180,aj,leeue,trochaic,MED25342,vi,
649,And he seide to me,douȝter he is feirore,me,nontrochaic,MED27132,P11<pr,feirore,trochaic,MED15158,aj-cpv,
650,þat þi moder has I-helet,nou in þis tyme,I-helet,trochaic,MED20313,vpp,tyme,trochaic,MED45871,n<pr,
651,þen I or þou,or out þat is formed,þou,nontrochaic,MED45409,P12N,formed,trochaic,MED17051,vpp,
652,¶ And I tolde him a-ȝeyn,and he so feir weore,aȝeyn,nontrochaic,MED3328,av,weore,trochaic,MED4048,vsjpt13,
653,as my broþer is at home,I wolde on him leeue,home,dative_e,MED21073,n<pr,leeue,trochaic,MED25342,vi,
654,¶ Sikerly douȝter he seis,so may grace sende,seis,nontrochaic,MED39209,vps13,sende,trochaic,MED39404,vi,
655,þat þou miȝt seo him þi-self,ar þow henne seche,self,nontrochaic,MED20373,P12NX,seche,trochaic,MED39128,vsjps12,
656,ÞEnne com Ihesu crist,so cler in him-seluen,crist,nontrochaic,MED10361,n,seluen,trochaic,MED20373,P13<prXM,
657,aftur þe furste blusch,we ne miȝte him bi-holden,blusch,nontrochaic,MED5232,n<pr,bi-holden,trochaic,MED4526,vi,
658,And a wynt and a sauor,whappede us vmbe,sauor,nonschwa,MED38653,n,vmbe,trochaic,MED47586,pr,
659,we weore so wel of vr-self,we nuste what we duden,self,nontrochaic,MED20373,P21NX,duden,trochaic,MED12367,vpt21,
660,He vsede of Goddes bord,& a writ brouhte,bord,nontrochaic,MED5533,n<pr,brouhte,trochaic,MED6058,vpt13,
661,bi-tauȝte me and my moder,murily to holden,moder,trochaic,MED28411,nOi,holden,trochaic,MED20995,vi-m,
662,þus cristendom I tok,in þat ilke tyme,tok,nontrochaic,MED44420,vSpt11,tyme,trochaic,MED45871,n<pr,
663,¶ whi hastou let so longe,þi lord þis lyf leden,longe,trochaic,MED26029,av,leden,trochaic,MED24960,vi,
664,Sire forsoþe heo seis,syker I ne dorste,seis,nontrochaic,MED39209,vps13,dorste,trochaic,MED12843,vpt11,
665,He is so feol in him-self,for no þing be-knowen,self,nontrochaic,MED20373,P13<prXM,be-knowen,trochaic,MED4566,vSpp-aj,Lawton emends b-verse
666,Bote herkene of god,whon he his grace sende,god,trochaic,MED18945,n<pr,sende,trochaic,MED39404,vsjps13,
667,¶ Hastou not herd þi-self,hou euel he was to torne,self,nontrochaic,MED20373,P12NX,torne,trochaic,MED47404,vi-m,
668,Now þe kyng comes to sarras,and mony on him suwen,sarras,nonschwa,Wikidata_Q1853612,n<pr,suwen,trochaic,MED39659,vps23,
669,As sone as he com hom,I hete þe forsoþe,hom,nontrochaic,MED21073,nOi,forsoþe,trochaic,MED17159,av,
670,He askede after a-non,nomeliche þeose tweyne,anon,nontrochaic,MED1714,av,tweyne,trochaic,MED47454,qc<pr,
671,Sette him on his bed,and hem on eiþer syde,bed,dative_e,MED3861,n<pr,syde,trochaic,MED40199,n<pr,
672,A Ioseph seiþ þe kyng,soþe aren þi wordes,kyng,nontrochaic,MED24299,n,wordes,trochaic,MED53418,npl,
673,þat þou toldest me furst,ȝor foundeour be blesset,furst,nontrochaic,MED16071,av,Blesset,trochaic,MED5190,vpp,
674,¶ Ho is þat seis Seraphe,and [he] onswerde sone,Seraphe,?,NO_AUTH_seraphe,n,sone,trochaic,MED41559,av,
675,he þat halp þe wiþ sound,fro þe seue knihtes,sound,dative_e,MED41809,n<pr,knihtes,trochaic,MED24418,npl<pr,
676,Tolde hem vche a poynt,þat þei wrouȝt haden,poynt,trochaic,MED33862,nOd,haden,trochaic,MED20173,vpt23,
677,Hou he wuste þerof,wonder hem þouȝte,þerof,nontrochaic,MED45182,av,þouȝte,trochaic,MED45309,vpt13,
678,ÞEnne com on fro þe fiht,þat foule was wemmed,fiht,dative_e,MED15909,n<pr,wemmed,trochaic,MED52191,vpp,
679,was striken of þat on Arm,and bar hit in þat oþer,Arm,nontrochaic,MED2259,n,oþer,trochaic,MED31010,pn-def<pr,
680,¶ þen Ioseph asked þe kynges scheld,And bad þat mon knele,scheld,nontrochaic,MED39833,nOd,knele,trochaic,MED24407,vi,
681,þe arm helede a-ȝeyn,hol to þe stompe,aȝeyn,nontrochaic,MED3328,av,stompe,trochaic,MED43466,n<pr,
682,¶ þenne com Seraphe,and fullouȝt furst askes,Seraphe,?,NO_AUTH_seraphe,n,askes,trochaic,MED2480,vps13,
683,In þe nome of þe fader,Ioseph him fulwede,fader,trochaic,MED15113,n<pr,fulwede,trochaic,MED17944,vpt13,
684,And calles him Naciens,and his nome tornde,Naciens,nontrochaic,NO_AUTH_naciens,n,tornde,trochaic,MED47404,vpt13,
685,he was þe forme þat day,þat fongede trouþe,day,trochaic,MED10482,n<pr,trouþe,trochaic,MED47016,nOd,
686,¶ whon he Baptised was,þis oþere bi-heolden,was,nontrochaic,MED4048,vpt13,bi-heolden,trochaic,MED4526,vSpt23,
687,Heom þouȝte he leomede as liht,al on a lowe,liht,nontrochaic,MED25497,n,lowe,trochaic,MED26183,n<pr,
688,¶ þei seȝen þe holy-gost,at his mouþ descenden,holy gost,nontrochaic,MED21027,n,descenden,trochaic,MED11268,vi,
689,And he speek þenne,þat bi-foren ne kneuȝ,þenne,trochaic,MED45038,av,kneuȝ,nontrochaic,MED24477,vSpt13,
690,ÞEnne com he wiþ þe sore Arm,þat þorw þe grace was holpen,Arm,nontrochaic,MED2259,n<pr,holpen,trochaic,MED20336,vSpp,
691,In þe nome of þe fader,Ioseph him folwed,fader,trochaic,MED15113,n<pr,folwed,trochaic,MED17944,vpt13,
692,clepen him Cleomadas,and callen him after,Cleomadas,nontrochaic,NO_AUTH_cleomadas,n,after,trochaic,MED801,av,
693,¶ þenne com þe kyng Eualac,and fullouht askes,Eualac,nontrochaic,NO_AUTH_euelak,n,askes,trochaic,MED2480,vps13,
694,In þe nome of þe fader,Ioseph him folwede,fader,trochaic,MED15113,n<pr,folwede,trochaic,MED17944,vpt13,
695,Called him Mordreyns,a lat mon in trouþe,Mordreyns,nonschwa,NO_AUTH_mordreyns,n,trouþe,trochaic,MED47016,n<pr,
696,¶ þen com þe folk,to Iosaphe so þikke,folk,nontrochaic,MED16580,n,þikke,trochaic,MED45270,av,
697,He tok a basin of gold,in boþe two his hondes,gold,dative_e,MED19031,n<pr,hondes,trochaic,MED21102,npl<pr,
698,Vppon þe heiȝe trinite,he let water hiȝe,trinite,nontrochaic,MED47107,n<pr,hiȝe,trochaic,MED20768,vi,
699,And hedde fulwed bi non,mo þen fyue þousend,non,dative_e,MED29714,n<pr,þousend,trochaic,MED45417,qc<pr,"THAN is quasi prep: MED s.v. ‘than, conj.’ sense 8"
700,¶ þenn seis Iosaphe,þat Ioseph his fader,Iosaphe,trochaic,Wikidata_Q6288522,n,fader,trochaic,MED15113,n,
701,mot a-byden him,and dwelle þer stille,him,nontrochaic,MED20803,P13OdM,stille,trochaic,MED42950,av,
702,¶ while þat he and Naciens gon,nouþer þei nusten,gon,nontrochaic,MED19078,vps23,nusten,trochaic,MED52987,vpt23,
703,forte cristene þe folk,and casten þe false,folk,nontrochaic,MED16580,nOd,false,trochaic,MED15202,ajnplOd,
704,¶ But þere an vnsely kyng,in prison hem caste,kyng,nontrochaic,MED24299,n,caste,trochaic,MED6914,vpt13,
705,wiþ muche serwe to him-self,siker atte laste,self,nontrochaic,MED20373,P13<prXM,laste,trochaic,MED24726,ajn<pr,
706,¶ For þe kyng Mordreyns,com with such strengþe,Mordreyns,nonschwa,NO_AUTH_mordreyns,n,strengþe,trochaic,MED43299,n<pr,
707,forte liuere hem out,on lyue he lafte none,out,nontrochaic,MED31168,av,none,trochaic,MED29715,pnplOd,
708,¶ Siþen þei bi-tauȝten þe blod,twei burnes to holden,blod,nontrochaic,MED5268,nOd,holden,trochaic,MED20995,vi-m,
709,And þei lenden of þe toun,and leuen hit þere,toun,trochaic,MED46572,n<pr,þere,trochaic,MED45141,av,
